:020000040800F2
:10000000D0130020D5000008298800085D7C000876
:1000100000000000000000000000000000000000E0
:10002000000000000000000000000000218C00081B
:100030000000000000000000D1880008DD8C0008EE
:10004000E7000008E7000008E7000008E7000008F4
:10005000E7000008E7000008E7000008BD350008D9
:10006000E7000008952A0008A52A0008BD2A000814
:10007000E7000008E7000008E7000008E7000008C4
:10008000E70000080000000000000000F58C0008F8
:1000900000000000E7000008E7000008E700000893
:1000A000E7000008E7000008E7000008C59D000819
:1000B000D19D0008000000000000000000000000CA
:1000C0000348854600F070FE004800472D9E00085A
:1000D000D01300200448804704480047FEE7FEE7AD
:1000E000FEE7FEE7FEE7FEE7E58C0008C10000083A
:1000F0000048704744A9000810B50446FFF7F8FF10
:100100000068005DC007C00F10BD014661391929A4
:1001100000D82038704703460B439B0703D009E003
:1001200008C9121F08C0042AFAD203E00B78037032
:10013000401C491C521EF9D27047D2B201E0027035
:10014000401C491EFBD270470022F6E710B513464B
:100150000A4604461946FFF7F0FF204610BD10B5C9
:10016000044605E00B780370401C002B00D0491CAE
:10017000521EF7D2204610BDCAB2401E4178401C24
:100180008A4202D00029F9D100207047421C017830
:10019000401C0029FBD1801A704710B5002200E0F6
:1001A000521C835C8C5CA34201D1002BF8D1D8B2E5
:1001B000E1B2401A10BD03460A780270401C491C87
:1001C000002AF9D118467047F8B50E4605460024B6
:1001D00000E0641C285D00F0BFFB0746305D00F0C6
:1001E000BBFB381A02D1295D0029F2D1F8BD00000D
:1001F0000FB400B58DB009900B9010A900200091AC
:10020000C0430A9000200C900648069006480790CC
:100210006A4609A80F9900F0BBFB0DB008BC04B0FA
:1002200018470000B1090008D1090008FFB50027F0
:10023000FF4383B000205C6801909E681D46A96959
:100240007F1C049888470090296A88470028F6D1C7
:100250000098401C0CD0032040028443002E19DD7E
:10026000600614D500982B2809D02D280FD103E063
:100270000020C04307B0F0BD012080020443A969FB
:100280007F1C04988847761E0090002E02DD00989F
:10029000302803D00598002825D035E00120400201
:1002A0000443A969761E7F1C049888470090002E9D
:1002B00003DD782805D0582803D00598002810D0F1
:1002C00022E00598002801D010281DD1012040020D
:1002D0008443A969761E7F1C0498884700901020EB
:1002E00002E0082000E00A2005900DE0012149020B
:1002F0000C43059A0199761E514308180190A9698B
:100300007F1C049888470090002E05DD0599009811
:1003100000F028FB0028E9DAE96904988847A0057D
:1003200002D40120C043A5E7E00722D1600611D521
:100330006005019800D5404229680A1D2A600968B5
:10034000220501D5087014E0220701D5088010E0CD
:1003500008600EE02868011D29600068210502D5AB
:100360000199017005E02107019901D5018000E0A4
:10037000016038467EE70000F7B5009C0F46002676
:100380002578641C002D05D0FFF7B2FE0068405DA3
:10039000C007F5D12B2D02D02D2D18D0641E394663
:1003A0002046029A00F026FB002F04D03968A142B3
:1003B00001D1009939607105022400290BDA40420D
:1003C000002803DD09F0F2FD0460A007FEBD012056
:1003D00080020643E3E70028F8DA09F0E7FD04604D
:1003E0000048FEBDFFFFFF7F70B5064609F0DEFD49
:1003F000046805460A2200213046FFF7BDFF2C6045
:1004000070BD70B5064609F0D1FD046805460A22A4
:1004100000213046FFF7B0FF2C6070BDF8B50246F2
:100420004A40D40F42004B0052085B089A4202D265
:100430000246084611464A0023D0C30D4A00DDB2E9
:10044000120EAD1A202D35DA49020126490AF605A9
:100450008A19002C00D0524220214F1B1146B9406E
:100460002A411018C20D9A4221D0002C17D0012D1C
:1004700008DCDA05801AD20F8019D207DBB200F04F
:1004800014FBF8BDDA05801A012340001B06C018D2
:1004900080185A428018CA0F1043490007E04908E3
:1004A000C2071143DA05801A80194008801800F04D
:1004B000F4FAF8BD61000122511A001BF7E701228E
:1004C000D2075140AAE70122D2075040A6E70246D0
:1004D00070B54A40D30FDB0740002DD04A002AD028
:1004E000010E140E000212020919400A520A841861
:1004F000E50104465443000A120A2E045043A4198D
:100500004219200CC543AA18120C0125AD03521C38
:10051000521912047F39240400D0521C104301D414
:100520004000491EC2B20C06C0092018401C4008F9
:10053000802A02D003E0002070BD4008400000295E
:1005400000DA0020184370BD70B502464A40D50F4E
:1005500040004A00ED0740085208002814D0002A45
:1005600012D0C40DD30D41020120C0055202490A28
:10057000520AE41A091812187D34914201D3641CFE
:1005800000E04900002C01DA002070BD00239142F8
:1005900001D3891A0343400849000028F7D10029F4
:1005A0000AD0914202D10121C90705E0914201D24E
:1005B000012101E00121C943E005C018401900F004
:1005C0006CFA70BDF0B51FB488B00B99099800247F
:1005D00048400999C00F490049080991C0070B9983
:1005E0000090490049080B9109990898A6460843CC
:1005F0001CD00B990A98084318D009980124400090
:10060000420D4800410D099824050003000B2043CA
:1006100009900B980003000B20430B9050181C49C5
:100620004018002201901446104605E000200146C3
:100630000DB0F0BD032801DA034600E003239C4619
:10064000C11A0AAE0AE05F0008ADED5B4F00F75B30
:100650007D430027AA187C41491C5B1E6145F2DDE1
:10066000410004AB5A522104120C0A43240C401CD2
:100670000828DFDB019802900099704601910090F4
:10068000059B049A0799069800F055FAD0E70000F8
:100690000DFCFFFFF0B50C465C4085B0E40FE407AD
:1006A00003944C0000266408590094464908024609
:1006B0000296224321D062460A431ED06200570DA3
:1006C0004A000E032303550D012402462C4924053C
:1006D000781B1B0B360B40182343264361460090C2
:1006E0001C46501AB44103D30098401C009002E00D
:1006F000921800985B41002803DA0020014605B0FB
:10070000F0BD0020012109050746864611E0644638
:100710001D46141BB54106D36546521BB3417446B2
:1007200007430C43A646CD074008490828439218C2
:100730005B4105460D43EAD11046184313D060468D
:10074000194650407140084306D06046101AB34124
:1007500006D20122002306E000220123DB0702E08B
:100760000122D2435310009874460105381C6141A0
:10077000029C039D0019694100F0D0F9BFE7000019
:10078000FD0300000122D207002800DB101A002917
:1007900000DB511A814201D80120704700207047C8
:1007A0000122D207002800DB101A002900DB511AB1
:1007B000814201D201207047002070470122D207F8
:1007C000002800DB101A002900DB511A814201D3F6
:1007D00001207047002070470122D207002800DB6B
:1007E000101A002900DB511A814201D901207047FB
:1007F00000207047C217C10F504010B54018CA07FB
:100800009623002100F051F910BD10B50022962367
:10081000114600F04AF910BD0EB5C217C10F504085
:10082000CA0740180021054B0293019200910A4625
:100830000B4600F080F903B000BD00003304000057
:10084000C20F410040020123400ADB05D207090E16
:10085000C0187F2901DA00207047962903DC96230F
:10086000591AC84001E096398840002AF4D0404225
:100870007047C20FD207400040080BD0C10D0723BC
:10088000DB01C91840020905400A1143C2084007AC
:100890001143704700200146704770B50446002997
:1008A00003D000202022012310E0002801D00020E6
:1008B000C043C046C0460DE02546D5408D4205D315
:1008C0000D469540641B1D46954040191546521E25
:1008D000002DF1DC214670BDF0B51FB406460020A6
:1008E00082B005464024019100901BE00199224608
:1008F0000F46304600F070FA049A059B801A994121
:1009000010D310461946224600F016F8361A8F41C9
:100910000197224601200021009F00F00DF83818B1
:100920004D4100902046641E0028DFDC019B0098AA
:100930002946324607B0F0BD10B5202A04DB014637
:10094000203A9140002010BD914020239C1A03467C
:10095000E3401943904010BD01464139192900D8A0
:10096000203070473A2800D23038202302469A437C
:10097000412A01D310463738884201D30020C043B2
:1009800070470000026813785118016018467047DC
:1009900010B5D1600449516104491162002111610F
:1009A000114600F03DFA10BD85090008F900000865
:1009B0004268002A08D001680B78491C002B03D03C
:1009C000521E06C0184670470121C160881E70473C
:1009D0004268002A0BD0C3680168002B07D18368E6
:1009E0008B4204D0491E521C06C0002070470020D4
:1009F000C0437047F7B582B0029C00272078641C82
:100A000015460197302802D0002D15D015E020782A
:100A10000127641C782804D0582802D0002D09D062
:100A20000BE0002D01D0102D07D1002710252078D4
:100A3000641C02E0082500E00A250026009610E06C
:100A40000099012769430818020C294680B27143B6
:100A500000908E183804864201D30120019020783E
:100A6000641C2946FFF77EFF0028E9DA0398002876
:100A700005D0002F01D0641E00E0029C04600198A4
:100A8000002806D009F092FA02210160C81E05B0C4
:100A9000F0BD009930040843F9E7002904DA401C4E
:100AA000490001D140084000704770B40024050C93
:100AB00005D11024000402D1002921D01124050EF3
:100AC00001D100020834050F01D10001241D850F5A
:100AD00001D18000A41C002801DB4000641C002917
:100AE00008D020252E1B0D46F540A14000D0012145
:100AF0002943084301061B1B000ADB1D02D5002009
:100B000070BC7047DB05181880180029F8DA401C03
:100B10004900F5D170BC40084000704710B5002B6B
:100B200008DA0024401C614192185B411A4301D14C
:100B30004008400010BDF0B51FB482B005460C005F
:100B400003D0084609F01AFA02E009F017FA20303B
:100B50000246009021462846FFF7EEFE049B059AC8
:100B600004460F4618431143084314D01846104357
:100B70001BD0009840210A1A1846059900F02CF95C
:100B800005460E46009A05990498FFF7D5FE0843DE
:100B900005D0012004E02046394607B0F0BD002012
:100BA000C11705430E432C43374300990E98630544
:100BB000401A7905E40A00220C43FD0A0A3002D5E6
:100BC00000200146E9E70105101969410C9C0D9DC3
:100BD00000196941FFF7A2FFDFE70000F0B5074603
:100BE0000846584087B0C00F049048000E46590090
:100BF00040084908BC1A884105D2384631461E468D
:100C000017460B4602465800400810434CD0300DA2
:100C1000039040055900400D490D0590401A02907F
:100C2000402872DA18030121000B090508430190DE
:100C300004980092002805D0019952420020884172
:100C400000920190029840210A1A01990098FFF73A
:100C500073FE05460C466B4607CB00F0CEF8C01974
:100C60007141039A0E0D0023D71756401A467A4059
:100C7000164344D0049A002A2DD0029A012A039ADE
:100C800015DC1205C01A914101263605001C714180
:100C9000D20F059ED2070093019202962A46234660
:100CA000FFF749FF07B0F0BD38463146FAE71605B1
:100CB000224A0F46B218C01AB74101210905001C8B
:100CC0004F4100187F41114618187941E20F104337
:100CD0006D19644113E0E2076D0815436408C2070B
:100CE0001443039A01261205C01A91413605001CCF
:100CF0007141CE07400830434908C01851412A4687
:100D00002346FFF70BFFCDE7FFE7049801224000E1
:100D1000C117121A00238B4104983146C417381AA0
:100D2000A141EEE730B40124E407634030BC55E74D
:100D300030B40124E407614030BC4FE70000E0FF1D
:100D40004A0009030123090B1B0519430A4B10B57F
:100D5000520D9A4202DA0020014610BD064B343390
:100D60009A4203DC9A1A00F037F810BD034BD218F0
:100D7000FFF7E2FD10BD0000FF030000CDFBFFFF09
:100D800010B5002904DB0124E40740428C412146D0
:100D9000002B04DB1C460123DB075242A34199428E
:100DA00000D1904210BD00001CB5094800900948D0
:100DB000019005460126009C05E0E36807CC33431B
:100DC0000C3C98471034AC42F7D3FFF77DF9000094
:100DD000D8BA0008F8BA000810B5202A04DB084683
:100DE000203AD040002110BD0B46D340D0402024F3
:100DF000A21A91400843194610BD10B5202A06DBFF
:100E0000CB170846203A1041C1170B4306E00B46AA
:100E10001341D0402024A21A91400843194610BD26
:100E2000F3B58DB000200A9001200B9000260846F3
:100E30000C300C4609906269012109989047051E03
:100E40002ED0252D2DD0216A8847002818D0626920
:100E5000012109989047216A88470028F7D1411E4F
:100E600062690998904700E0761CA1690D9888474F
:100E7000216A88470028F7D1E1690D988847DAE7A9
:100E8000A1690D9888470746A84201D1761CD2E790
:100E9000E1690D9888477F1C02D10A98002877D015
:100EA00049E1002762693D463946099890472A285A
:100EB0000CD16269012109989047012506E00A21B9
:100EC0004F433F18303FEBD41020054362690121A6
:100ED00009989047014630390A2903D29B498F422D
:100EE000DEDCECE7E90600D4994F6C280AD04C28E8
:100EF00010D0682824D06A282ED074280CD07A28E4
:100F00000AD00DE062690121099890476C2823D02E
:100F100004211CE0202005436269012109989047C3
:100F2000A760656065284FD026DC582839D01ADCC8
:100F3000452849D012DC252834D04128B0D143E0DF
:100F40006269012109989047682802D008210D4361
:100F5000E6E70120C002DEE70220DCE7462833D0C6
:100F600047282CD130E05B2870D061282CD0632832
:100F70006CD0642823D161E06F284FD009DC66284B
:100F800022D0672820D0692826D06E2817D12EE0DD
:100F9000CDE070284DD073286FD075284ED07828BA
:100FA0000DD154E0A1690D9888470546252800D148
:100FB0006CE7E1690D9888476D1C00D16DE7BAE0D8
:100FC0000A224CE00A2252E0012023466A46C0432E
:100FD0000D99C046C046A3E0284640210843606002
:100FE000A807234601D5002239E000223FE0E807A8
:100FF00000D020E72068011D21600068290501D587
:10100000067018E7290701D5068014E7A90703D55C
:10101000F117066041600EE706600CE728464021A4
:1010200008436060A807234601D5082217E008227C
:101030001DE0484928460840606016E028464021E7
:1010400008436060A8072346BCD5B9E715E02846E9
:10105000402108436060A80707D5234610220120DD
:10106000C0430D99C046C0465AE0234610220120D5
:10107000C0430D99FFF7DAF852E000210C910B46BE
:101080000091632802D05B2807D043E0E80601D432
:101090000120A060012000903CE0626901210998D4
:1010A00090475E2805D101200C900146626909989D
:1010B00090472169002906D10B4601AA8F00491CDF
:1010C000D3510829FADB002835D0216900290ED137
:1010D000C117C90E09184A11930001AA9A184909A3
:1010E0004901411A01201368884003431360626973
:1010F0000121099890475D28E5D10C98002808D077
:10110000002001AB81005A58401CD2435A50082895
:10111000F8DB01AB01202246C0430D99C046C04612
:1011200000280ADA401C06D10B98002803D00020C2
:10113000C0430FB0F0BD0A98FBE7E90702D10A9956
:10114000491C0A91361800200B9074E6CCCCCC0CCC
:10115000FFFFFF7FF1F7FFFFF0B581B005460024E8
:10116000009400688168C9071CD181682B4A2F321E
:1011700011420AD0A86D10210143A965E86D012430
:101180002043E865204601B0F0BD8168234A114044
:1011900001273943816022480068000205D4687E37
:1011A000012825D1204601B0F0BD1E4800681E4927
:1011B000FFF773FB401C009000980028EFD00098C8
:1011C000401E009000980028E9D00098401E009032
:1011D00000980028E3D00098401E00900098002856
:1011E000DDD00098401E009000980028E7D1D6E797
:1011F00003F072FD064604E003F06EFD801B032839
:10120000B8D228680168C907CCD18168C907F3D171
:101210008168024A114039438160EDE7E8FFFF7FB2
:10122000082701402C000020400D0300F0B583B0DA
:101230005E490A684968401A86185B49CF680120F0
:101240000023BE4202460EDD4C68A64205460FDA78
:101250001543012D10D14D69AE4213DC0022BE4270
:10126000034613DA13E01A464C68A6420546EFDB44
:101270001D461543012DEED00D4608350868A742DE
:1012800017D043E00122BE42034600DB1346012B88
:1012900006D1CB699E420EDC0022AE420EDA0EE091
:1012A00028460D46103508313C4607460868A742D7
:1012B0002CD103B0F0BD0122AE4200DB10460295F6
:1012C00000281BD0A6423BDA886809680291FFF724
:1012D000F6F80546381BFFF78DFA01462846FFF75A
:1012E00033F90546301BFFF785FA01462846FFF71C
:1012F000EEF80299FFF792F803B0F0BD0D461835ED
:101300001031029C1F460868A742D2D0391B0746FD
:101310000846FFF76FFA029028683946FFF7CFF8C2
:101320000299FFF711F90546301BFFF763FA0146F2
:101330002846FFF7CCF83946FFF770F803B0F0BD48
:101340008869019009691C46FFF7B9F807460298B9
:10135000201AFFF74FFA01463846FFF7F5F8054621
:10136000301BFFF747FA01462846FFF7B0F801990E
:10137000FFF754F803B0F0BDB0B50A4C01250022C8
:101380002046294603F09FFC284603F0A1FB204697
:1013900029462A4603F097FC034840680349086041
:1013A000B0BDC046000400503000002058000020AE
:1013B000F0B585B072B600252C46009505E0019F7A
:1013C00079000D18641C182C4ED0019510210122B3
:1013D0003D4803F078FC009803900398072817D83D
:1013E0000398401C03900398072811D80398401CC9
:1013F0000390039807280BD80398401C0390039888
:10140000072805D80398401C039003980828E7D3C1
:1014100020212D4F384603F051FC054610210026AF
:101420003846324603F04FFC0496691E4842484154
:1014300004990729C3D80499491C049104990729E0
:10144000BDD80499491C049104990729B7D8049977
:10145000491C049104990729B1D80499491C0491A5
:1014600004990829E7D3AAE710210122164803F0BE
:101470002AFC02960298072817D80298401C02906E
:101480000298072811D80298401C02900298072859
:101490000BD80298401C02900298072805D80298A1
:1014A000401C029002980828E7D310210022064829
:1014B00003F009FC780202D5FF200006054362B65E
:1014C000284605B0F0BDC04600080050B0B5FFF793
:1014D0006FFF0446FFF76CFF8442254609DA844219
:1014E0000ADDFFF765FF84420BDAA5420CDD2846D2
:1014F000B0BD05468442F4DC0446FFF759FF844240
:10150000F3DB0446A542F2DC25462846B0BD0000C8
:10151000F0B591B0F7A009F0C3F9012080050B9058
:10152000FF20019000060A900024F04D0C940294D4
:10153000EF494E1C0C9A1446134603E0641C202C01
:1015400000D1EFE10794089309920691304672B6F4
:101550000C9E3446059005E00E9949000E18641C57
:10156000182C4ED00E9610210122284603F0ABFB1A
:101570000C9810901098072817D81098401C1090BD
:101580001098072811D81098401C10901098072820
:101590000BD81098401C10901098072805D8109868
:1015A000401C109010980828E7D32021284603F00B
:1015B00085FB06461021002728463A4603F083FBA8
:1015C0000D971097711E4842484110990729C3D8BA
:1015D0001099491C109110990729BDD81099491CE0
:1015E000109110990729B7D81099491C109110999A
:1015F0000729B1D81099491C109110990829E7D3EF
:10160000AAE710210122284603F05DFB0D981090F7
:101610001098072817D81098401C10901098072889
:1016200011D81098401C1090109807280BD81098CB
:10163000401C10901098072805D81098401C109056
:1016400010980828E7D3102128460D9C224603F065
:101650003AFB31460A98014304910B980E990140D8
:101660000E9162B672B62746204606E00F994900F1
:1016700008187F1C182FBE4D4ED00F90102101224C
:10168000284603F020FB0D9810901098072817D8D3
:101690001098401C10901098072811D81098401CE2
:1016A0001090109807280BD81098401C1090109894
:1016B000072805D81098401C109010980828E7D3E8
:1016C0002021284603F0FAFA2A4605461021002474
:1016D0001046224603F0F7FA1094691E484248412A
:1016E00010990729C2D81099491C109110990729FF
:1016F000BCD81099491C109110990729B6D8109997
:10170000491C109110990729B0D81099491C1091C3
:1017100010990829E7D3A9E70D9010210122284646
:1017200003F0D1FA10940E98002800D0049E04967D
:101730001098072817D81098401C10901098072868
:1017400011D81098401C1090109807280BD81098AA
:10175000401C10901098072805D81098401C109035
:1017600010980828E7D310212846224603F0ABFA48
:101770000D990A98014303910B980F9901400F911D
:1017800062B672B62646254605E00E9949000D1848
:10179000761C182E4ED00E9510210122744D28462D
:1017A00003F091FA10941098072817D81098401C4D
:1017B00010901098072811D81098401C109010987D
:1017C00007280BD81098401C10901098072805D8AF
:1017D0001098401C109010980828E7D32021284624
:1017E00003F06CFA2A4605461021002710463A46B7
:1017F00003F069FA1097691E484248411099072979
:10180000C3D81099491C109110990729BDD8109977
:10181000491C109110990729B7D81099491C1091AB
:1018200010990729B1D81099491C109110990829CD
:10183000E7D3AAE7102101224D4803F044FA10979C
:101840000F98002801D003980D9010980728079C46
:10185000049E17D81098401C10901098072811D893
:101860001098401C1090109807280BD81098401C16
:1018700010901098072805D81098401C10901098C8
:101880000828E7D31021002239480F9203F01BFAF1
:1018900062B60A2003F01CF90B980E99014201D0A0
:1018A0000A980543099A089B069F0D998E42304677
:1018B00011DDA84212DA8E4213DA86422C4D00DC8A
:1018C0000646F0179B19424105988642314623DDB2
:1018D000B94225DA32E60846A842ECDB28468E42B9
:1018E000EBDB0E468642224DEADDEAE700080050B7
:1018F000FFFFFF7F546172616E646F2E2E2E2041B8
:10190000677561726465206573746162696C69648E
:101910006164652E0D0000000646B94200DA0DE64E
:1019200039460BE6711A01982C308142029C0DDD7C
:101930001BA008F0E3FA641C0A2C00D0F7E5264847
:1019400008F0AEFF0B48406811B0F0BDD017C00ED4
:1019500018180F9951414009C906411805484160BE
:1019600005A008F0CBFA0348406811B0F0BDC046AE
:1019700000080050580000205461726120657374A3
:101980006176656C20636F6E636C7569646121209C
:101990004F6666736574203D2025640D0A000000C3
:1019A0004C6569747572617320696E7374617665D4
:1019B00069732028646966663A202564292E2054BC
:1019C000656E74616E646F206E6F76616D656E74A6
:1019D000652E2E2E0D0A000048AC00087D20000167
:1019E000054948607047C046704700007D200001EF
:1019F000014988607047C04698010020002804D043
:101A0000D8498A69C969026041607047002806D0D8
:101A1000D4498A6A82604A6A4260096A01607047F2
:101A2000D04840687047C046F0B581B0464800F0E5
:101A3000B9FC464808F034FF45A008F031FF4B4898
:101A40004B4901F065F84B4808F02AFF0026304664
:101A500001F01EF901F018FC7D20C400204603F0BF
:101A600037F807F0DFF80125284601F011F901F0F9
:101A70000BFC2746C837384603F02AF801F0AAFDC8
:101A8000022001F005F901F0FFFB384603F020F8D1
:101A9000394808F005FFFFF76FFCFFF739FD374FB6
:101AA0003E627E62BE6236A008F0FAFE032001F0BC
:101AB000EFF801F0E9FB204603F00AF807F086F999
:101AC0007860FEF7D6FE024633A00B4608F016FA01
:101AD000042001F0DDF801F0D7FB204602F0F8FF0A
:101AE000354801F06FFC354801F0CEFD34A008F018
:101AF00005FA01F0F9FE00281CD03BA008F0D0FE4A
:101B0000052001F0C5F801F0BFFB6434204602F067
:101B1000DFFF374806F0DEFE062001F0B9F801F0DD
:101B2000B3FB204602F0D4FF324808F0B9FE082586
:101B3000314800E02B4808F0B3FE284601F0A8F831
:101B400001F0A2FB01B0F0BD2C08002068B700082E
:101B5000312E20434C492F44656275672055415210
:101B6000542E2E2E204F4B0D00000000C0080020E8
:101B70001D290008E7B6000893B7000850010020AF
:101B80002020202E2E2E205461726120636F6E6300
:101B90006C756964612E0D0054656D7065726174B9
:101BA00075726120696E696369616C3A20252E3215
:101BB0006620430D0A000000A00300200C02002054
:101BC000332E20476572656E636961646F722064AD
:101BD0006520436F6E666967757261636F65732E0A
:101BE0002E2E20001FB700085B4F4B5D0D0000003C
:101BF000D4060020CBB70008B4B60008F0B583B017
:101C000000F0E6FC01F040FB00F0C2FF00F022FC17
:101C100007F014F8534E3078012826D1002535708E
:101C2000FFF754FC0446FEF7E5FD70622046FFF71F
:101C3000FDFA04463062B168FEF741FC0127F9075E
:101C400088434949FEF7BAFD002807D1F06801280A
:101C500000DC0027012804DC451C03E0B4602F46AB
:101C600000E0032528203754F56003F035F871783B
:101C700000295CD000F008FF382868D101F0A6FCEC
:101C8000B06101F0ADFC706800242146FEF77AFDDA
:101C9000002819D1B4697F20C0050290002001906E
:101CA00002A801A901F0A4FC2046FEF7AEFD2F49D1
:101CB000FEF70DFC2E49FEF7B1FB0299FEF707FC7B
:101CC0000199FEF7ABFB0446F461B069FEF79DFD98
:101CD0002849FEF739FC284D2946FEF7F8FBFEF7A8
:101CE000AFFD0146254C2046203001F0B3F8F069E5
:101CF0002946FEF7ECFBFEF7A3FD014620463030F7
:101D000001F0A8F8B078401CB070C0B2052820D30C
:101D10000020B07007F05AF870601749FEF7D7FB43
:101D2000FEF78EFD0146204601F026F811E03169EC
:101D3000411AC9087D290ED3306100F01DFF00282B
:101D400009D10120707000F09FFE382896D0002045
:101D5000B0700020707006F027FE01F09DFC03B00B
:101D6000F0BDC04650010020CDCC4C3D86D01CB902
:101D7000CD6CC64300007A440000204130220000B0
:101D8000F0B595B0044632A0214608F0B7F8E0B2AD
:101D90000BA901F03FFC002853D049480BAD294660
:101DA00008F0ACF8474E10223046294601F05EF9A3
:101DB0002420285EFEF730FD0090019104AF0394CB
:101DC0001924414A3846214608F0A8F83846FEF75B
:101DD000DDF93146E03182B20846394601F046F974
:101DE0002620285EFEF718FD009001913846214616
:101DF000354A08F093F83846FEF7C8F93146F03115
:101E000082B20846394601F031F9139B2FA23846B9
:101E10002146039C08F082F83846FEF7B7F9C03631
:101E200082B23046394601F021F9113528480A229C
:101E3000294601F01BF92748214608F05FF815B044
:101E4000F0BD10A0214608F059F815B0F0BDC0460D
:101E50004154545F444953504C41593A2054656EA3
:101E600074616E646F206C6572206F206772616FA1
:101E700020646520696E646963652025642E2E2EBA
:101E80000D0A0000436F6E74726F6C6C65723A20BD
:101E90004552524F20464154414C20616F206C65A1
:101EA00072206461646F7320646F206772616F20B9
:101EB0006E6F20696E646963652025640D0A0000F9
:101EC0005EB800087020000017B9000825750000F2
:101ED000702100001FB8000810B586B0072904D88B
:101EE000464808F0DDFC06B010BD801D891F89B290
:101EF00003AA0B2301F06AF900281FD003A8007879
:101F0000002820D068460024847204810194009443
:101F10000B2101F0A7FB00281DD069468C7203A895
:101F2000FEF73BF900281BD01CA003A96A4607F066
:101F3000E5FF3E2000F0ACFE06B010BD0CA008F09E
:101F4000AFFC06B010BD25A008F0AAFC3E2000F0B2
:101F50009FFE06B010BD3B2000F09AFE06B010BDFB
:101F60001D4808F09DFC172000F092FE06B010BD41
:101F7000417574683A2046616C6861206E6F20700C
:101F8000617273657220726F627573746F20646121
:101F90002073656E68612E0D000000004175746845
:101FA0003A2053656E686120696E636F7272657462
:101FB000612E20446967697461646F3A2027257334
:101FC00027207C20457370657261646F3A20272555
:101FD00073270D0A0000000078BA00084175746884
:101FE0003A2053656E68612076617A696120726576
:101FF0006365626964612E0D00000000A9BA0008E3
:10200000B0B584B0082955D3801D891F89B201AAB3
:102010000B2301F0DBF8002818D001A80078002875
:1020200019D02F4D287800281AD0434808F038FCE2
:102030006C1C01A92046FEF7B0F8002828D03F48C4
:1020400008F02EFC00202870402031E01AA008F093
:1020500027FC04B0B0BD3D4808F022FC04B0B0BD80
:1020600020A008F01DFC01A8FEF790F8032804D872
:1020700029A008F015FC3F201AE0681C01A9FEF712
:102080009AF8244808F00CFC012028701F200FE06B
:102090002B4808F005FC204601F00EFC002801D179
:1020A000294800E0274808F0FBFB00202870172093
:1020B00000F0EEFD04B0B0BD417574683A20466191
:1020C0006C6861206E6F2070617273657220646548
:1020D000206E6F76612073656E68612E0D000000C2
:1020E0008C010020417574683A205265636562690D
:1020F0006461207072696D656972612073656E68D4
:1021000061207061726120616C7465726163616FDE
:102110002E0D000046BA0008417574683A204E6FD3
:1021200076612073656E6861206D7569746F2063D8
:10213000757274612E0D000020BA000803BA000801
:1021400077B90008CBB9000844B90008A7B900085E
:1021500010B50068C169090702D5416A082101620A
:10216000BA4CE06804F078FFE0680122214605F0EF
:102170002FFB10BDF0B581B0B44C6078002800D0C2
:10218000FAE025780C2D33DC082D3ED00A2D33D013
:10219000A6887E2E00D9EFE0FDF7AAFF0068405D1B
:1021A0008006C00E00D1E7E0F7488555701CA0807E
:1021B0001B2003F0A1F9092003F09EF9A2480A2D83
:1021C0000AD1E188491C01402289914204D0E28869
:1021D0009F4B0D269E54E180E188491C01402089D7
:1021E000814200D1C2E0E088994A1554E180BDE007
:1021F0007F2D0AD00D2DCBD1A08800284ED0E249EA
:1022000000220A5401206070B6E0A088002800D1A6
:10221000B2E0401EA0801B2003F06EF9092003F0FD
:102220006BF9E088401C884F38402189884204D0EF
:10223000E188874A08235354E0801B25284603F091
:102240006BF90926304603F067F9284603F054F984
:10225000304603F051F9E088401C3840218988421B
:1022600004D0E1887A4A20235354E0801B25284675
:1022700003F052F90926304603F04EF9284603F0E0
:102280003BF9304603F038F9E088401C384021899A
:1022900088426BD0E188F34A082365E01B2003F0F5
:1022A0002BF9092003F028F9E088401CEC4F384056
:1022B0002189884204D0E188EA4A0D235354E08002
:1022C0001B25284603F028F90926304603F024F997
:1022D000284603F011F9304603F00EF9E088401C5F
:1022E00038402189884204D0E188DE4A0D235354C6
:1022F000E080E088401C38402189884204D0E18891
:10230000D84A0A235354E0801B25284603F004F9D9
:102310000926304603F000F9284603F0EDF8304670
:1023200003F0EAF8E088401C38402189884204D054
:10233000E188CC4A3E235354E0801B25284603F015
:10234000EBF80926304603F0E7F8284603F0D4F806
:10235000304603F0D1F8E088401C3840218988429B
:1023600004D0E188BF4A20235354E0801B2003F0AF
:10237000D3F8092003F0D0F8E0680122214605F0E7
:1023800027FA002807D0E06804F066FEE068012222
:10239000214605F01DFA01B0F0BDC046AF4800214E
:1023A0008170704780B50649C860012205F010FAB7
:1023B000002801D001F007F902A007F09FFD80BDC1
:1023C000FC0000200D0A434C492050726F6E74616E
:1023D0002E20446967697465202748454C502720A2
:1023E0007061726120636F6D616E646F732E0D0A90
:1023F0003E20000070B504461B2003F07DF8092044
:1024000003F07AF896480A2C0BD19449CA88521CDA
:1024100002400B899A4204D0CB88924D0D26EE548F
:10242000CA808E49CA88521C02400889824203D061
:10243000C8888C4B1C54CA801B2003F06DF80920FF
:1024400003F06AF870BDC046FF030000FC000020E6
:10245000D4090020F0B581B0494E7078012800D031
:102460008CE048A008F01CFAFDF742FE0546006823
:10247000454C2778C15DC90706D06778C15DC9079B
:10248000A41C0029F5D1641E20212046FDF774FE0E
:1024900000281AD000210170811C2A684D1E28785E
:1024A000135CDB0716D00878135CDB0711D0487883
:1024B000135CDB0746D08878135CDB07091D002B13
:1024C000ECD18D1E002807D007E00025002F07D192
:1024D0004AE00D46002800D105462778002F43D05A
:1024E0002A492046FDF770FE002829D029492046B8
:1024F000FDF76AFE264F002828D027492046FDF721
:1025000063FE002824D025492046FDF75DFE002803
:1025100020D023492046FDF757FE00281CD0214932
:102520002046FDF751FE002818D01F492046FDF730
:102530004BFE002814D01DA0214607F0DFFC13E05D
:10254000134F0EE04D1C0028C6D0C6E7083708E040
:10255000103706E0183704E0203702E0283700E0A3
:10256000303779682846884707488021FDF7ECFD19
:1025700000207070B08014A007F0C0FC01B0F0BD66
:10258000FC0000200D000000540900209DB600084A
:10259000A0AB000885B6000893B6000898B60008FE
:1025A000A2B60008A7B600088BB60008436F6D619D
:1025B0006E646F20646573636F6E68656369646FD2
:1025C0003A20222573222E000D0A3E200000000032
:1025D00070B5224CA07800283ED1E088218988423D
:1025E0003AD01B2002F088FF092002F085FFA07876
:1025F000012806D11B2002F08FFF092002F08CFF7A
:1026000070BD0120A0702089E188884201D1002599
:1026100012E000211248134A238925896D1C0540C8
:1026200025816518D35C2B7423894D1CE688B34241
:1026300002D03F292946EFD31B2002F06DFF09206D
:1026400002F06AFFE06821461031AAB205F000F9F5
:10265000002801D00020A07070BDC046FC00002002
:10266000FF030000D409002070B5002822D00446E2
:102670002021FDF781FD002820D000210170861C5B
:10268000FDF736FD0168751E28780A5CD20718D060
:1026900030780A5CD20713D070780A5CD2073BD03E
:1026A000B0780A5CD207361D002AECD1B51E00288E
:1026B00009D009E02DA007F021FC70BD002503E042
:1026C0003546002800D105461A492046FDF77CFD15
:1026D000002817D019492046FDF776FD164E002830
:1026E00015D017492046FDF76FFD002818D0154971
:1026F0002046FDF769FD002817D013A0214607F0FA
:10270000FDFB70BD0C4E71682846884770BD0836C9
:1027100071682846884770BD751C0028D3D0D3E760
:10272000103671682846884770BD1836716828468B
:10273000884770BD87B60008D8AB0008ACB6000863
:102740005EB60008B0B60008537562636F6D616EC7
:10275000646F204457494E20646573636F6E6865EB
:102760006369646F3A202225732200005375626307
:102770006F6D616E646F204457494E2066616C74C2
:10278000616E646F2E20557365202748454C502795
:102790002E00000080B582B06846FFF72FF908A030
:1027A00008F07EF800990CA007F0A8FB0198FEF74E
:1027B00060F802460FA00B4607F0A0FB02B080BDF8
:1027C0004461646F73206465204672657175656E3F
:1027D0006369613A0D00000020202D2050756C7354
:1027E0006F732028656D203173293A20256C750D93
:1027F0000A00000020202D20457363616C61204198
:10280000202863616C63293A20252E32660D0A0068
:1028100010B584B001AC2046FFF7F8F80EA008F020
:102820003FF80198FEF725F8024610A00B4607F086
:1028300065FB207A002801D112A100E010A112A0AE
:1028400007F05CFB0298FEF714F8024613A00B4653
:1028500007F054FB04B010BD4461646F73206461E1
:102860002042616C616E63613A0D000020202D20D2
:102870005065736F3A20252E326620670D0A0000DE
:1028800053494D004E414F0020202D204573746167
:1028900076656C3A2025730D0A00000020202D205B
:1028A00041444320436F756E747320286D656469DD
:1028B000616E61293A20252E30660D0A0000000065
:1028C00080B5FFF7ADF8FDF7D4FF024602A00B4636
:1028D00007F014FB80BDC04654656D70657261746D
:1028E00075726120696E7465726E6120646F204D2F
:1028F00043553A20252E326620430D0A0000000081
:1029000080B5024807F0CCFF80BDC0468FB30008F9
:1029100080B52E2000F0BCF980BD000010B506295E
:1029200072D302785A2A6FD14278A52A6CD1C27824
:10293000832A69D1427903791B029A18082992B235
:1029400014D30023344CA2420ED0344CA2420BD0FC
:10295000334CA24208D08378DC1C8C4206D8C318C2
:102960009C785B781B021B192E4C63802E4B9A427D
:102970000EDC304B9A421DDD81208001824234D032
:102980002D4882423DD02D4882423DD134A039E0CD
:10299000264B9A4217DD8120C001824228D00520B3
:1029A0000003824231D0224882422DD1384838215A
:1029B000018010BD224B9A420ED0174B9A4223D170
:1029C000FFF78AFA10BD154B9A420BD0144B9A426E
:1029D0001AD1FFF715FB10BD02201249085E00F066
:1029E0009DFC10BD06F09CF810BD05F00BFB10BD62
:1029F0000C480178012907D10221405E05F03CFB1B
:102A000010BD10A007F07AFA10BD214801883829BE
:102A1000FAD10821018010BD302000000F300000E5
:102A200060300000880100200E3000007F40000070
:102A3000907000003F200000502000006020000047
:102A400020200000426F74616F205072696E742004
:102A50005072657373696F6E61646F0A0D000000D8
:102A6000426F74616F2044657363617274612041C9
:102A70006D6F73747261205072657373696F6E61EC
:102A8000646F0A0D00000000014800887047C046CE
:102A90005000002080B5024801F0C2FE80BDC04653
:102AA0008C02002080B5034801F0BAFE024801F014
:102AB000B7FE80BD30020020E802002080B5024849
:102AC00001F0AEFE80BDC0464403002080B5006822
:102AD0000E21016202F000F9DC4948610020887093
:102AE000487080BD10B54A1E3F2A0AD80068054AC2
:102AF000904206D1D54C21810120607002F0ECF8A3
:102B0000A06110BD00440040D04800210170704712
:102B1000F0B581B00546CD4F002038707870B88090
:102B2000F880B870FD60396178613C461C344026FD
:102B300020463146FDF708FBC5488021FDF704FB20
:102B40000C483146FDF700FB28462146324604F08A
:102B5000B7F900280BD0F86804F07EFAF868402234
:102B6000214604F0ADF9002801D000F02CFD01B0A1
:102B7000F0BDC0460C0F0020F3480178002901D0B9
:102B8000012070478188C088081A411E884170471B
:102B900070B590B002F0A0F8EB4E7169002907D033
:102BA0007169411A64295FD3002171610121B170FB
:102BB000B17801291CD10020B0707070F06804F069
:102BC0004BFAF06834461C344022214604F078F970
:102BD000002849D0F06804F03FFAF068402221460E
:102BE00004F06EF900283FD000F0EDFC10B070BD8D
:102BF0007178012938D1B169401A142834D372B6DA
:102C0000348935461C35684629462246FDF783FA45
:102C100000207070308162B6F0684022294604F0CE
:102C20004FF900280BD0F06804F016FAF068402243
:102C3000294604F045F9002801D000F0C4FC6B4699
:102C4000987859781A78062C10D15A2A0ED1A529CD
:102C50000CD103280AD1DD78822D07D11D794F2DA3
:102C600004D15B794B2B01D110B070BD042CFBD388
:102C70005A2AF9D1A529F7D1C01CC1B28C42F3D38D
:102C80003269002AF0D06846904710B070BDC04647
:102C9000F0B581B004461C2002F02EFC0B2002F09F
:102CA0002BFCF0488188C288914207D2C188828873
:102CB000D24389188DB20A2D07D24EE08188C2888E
:102CC000511A7F318DB20A2D47D3210A0091828893
:102CD000E5495A268E548288571C7F2217408780E8
:102CE0008788A523CB5583885B1C1340838083880A
:102CF0000727CF5483885B1C1340838083888227F7
:102D0000CF5483885B1C1340838083880027CF5473
:102D100083885B1C1340838083888427CF548388F7
:102D20005B1C134083808388CE5483885B1C1340D4
:102D3000838083880126CE5483885B1C1340838064
:102D40008388009ECE5483885B1C134083808388D5
:102D5000CC548188491C114081801C2002F0DCFB8E
:102D60000B2002F0D9FB092D02D8002001B0F0BDE4
:102D7000012001B0F0BDC046F0B583B00C46054659
:102D80001C2002F0B9FB0B2002F0B6FBB54881888D
:102D9000C288914207D2C1888288D24389188EB2F4
:102DA000082E07D243E08188C288511A7F318EB243
:102DB000082E3CD3A1B22A0A0192090A0291828804
:102DC000A9495A238B548288531C7F221340838045
:102DD0008388A527CF5483885B1C13408380838816
:102DE0000527CF5483885B1C134083808388822708
:102DF000CF5483885B1C134083808388019FCF540A
:102E000083885B1C134083808388CD5483885B1C3C
:102E1000134083808388029DCD5483885B1C1340BC
:102E200083808388CC548188491C114081801C2078
:102E300002F072FB0B2002F06FFB072E02D800207D
:102E400003B0F0BD012003B0F0BDC046600000201B
:102E50004C0F0020F0B585B00C4605461C2002F052
:102E60004BFB0B2002F048FBD6488188C288914278
:102E700007D2C1888288D24389188EB20A2E07D21F
:102E800054E08188C288511A7F318EB20A2E4DD308
:102E9000210A0491210C0391210E0291290A01912A
:102EA0008388C9495A27CF5483885F1C7F231F40DA
:102EB00087808788A522CA558288521C1A40828042
:102EC000828807278F548288521C1A408280828809
:102ED00082278F548288521C1A4082808288019FE8
:102EE0008F548288521C1A40828082888D54828836
:102EF000521C1A4082808288029D8D548288521C06
:102F00001A4082808288039D8D548288521C1A4008
:102F100082808288049D8D548288521C1A4082804F
:102F200082888C548188491C194081801C2002F0C1
:102F3000F3FA0B2002F0F0FA092E02D8002005B0B7
:102F4000F0BD012005B0F0BD60000020F0B583B0F9
:102F50000026002900D182E0054600287FD0EC4FF2
:102F6000F86800287BD00C461C2002F0C5FA0B2024
:102F700002F0C2FAB888F98888420AD2F888B9887B
:102F8000C943401880B284420AD8012684420AD933
:102F90005FE0B888F988081A7F3080B28442F4D99B
:102FA0000026844255D80196032021460140009115
:102FB000611E032901D2002229E0844300220295E8
:102FC000A85CBB883946D34FF8548888401C7F23BF
:102FD00018408880A818254644788E88BC558C886F
:102FE000641C1C408C8084788E88BC558C88641C42
:102FF0001C408C80C0788C8838550F462C46029D2A
:103000008888401C18408880121D9442D8D1009CAA
:10301000002C019E1DD0A85CBB88BE49C854B8884E
:10302000401C7F231840B880012C12D0A81841788A
:103030002546BC88B74A1155B988491C1940B98042
:10304000022D06D08078B9885054B888401C1840AA
:10305000B8801C2002F060FA0B2002F05DFA3046C6
:1030600003B0F0BD600000204C0F0020F0B593B01D
:103070000026002A00D1A2E0002900D19FE01546D9
:10308000A34FFA68002A00D199E001900291084606
:10309000FDF77CF80446A84200D32C46E31CD9B2C5
:1030A0003D2900D98BE003A9019D4D718222CA7090
:1030B0008B70A52048705A200870280A0871881D56
:1030C00002992246FDF727F81C2002F015FA0B2082
:1030D00002F012FABA88A41DE1B2FB889A420BD220
:1030E000FA88BB88DB43D21892B28A420BD3012004
:1030F00002908A420BD25BE0BA88FB889A1A7F3230
:1031000092B28A42F3D2002002908A4250D3032224
:10311000144001944A1E032A01D2002225E0FC2219
:10312000114000227B4B03ADAC5CBE889C55BC8833
:10313000661C7F242640BE80AD186E78B8881E5469
:10314000B888401C2040B880A878BE889855B888B8
:10315000401C2040B880E878BD885855B888401C8D
:103160002040B880121D9142DDD1019D002D1FD05D
:1031700003A8805CBB886749C854B888401C7F237B
:103180001840B880012D13D003A880184078BC885F
:103190000855B888401C1840B880022D08D003A8F4
:1031A00080188078BA888854B888401C1840B88045
:1031B0001C2002F0B1F90B2002F0AEF9029E30465D
:1031C00013B0F0BD600000204C0F0020F0B583B0BC
:1031D0001C4615460E46521E29469141421E01903C
:1031E00090410840012E01D8002100E0012101405A
:1031F000601E274687410F40012F42D128462146B5
:10320000FCF7A2FF022C38D3B01EA11E884200D3C7
:1032100008460290401C00900122002305E0D01CCB
:103220001B1D121D0099884227D00198C61871787D
:10323000FF2922D0202900D3E954029898421CD0BB
:10324000B178FF2919D0202901D3E81841700298DC
:10325000824212D0F178FF290FD0202901D3E8183B
:103260008170901C0099884207D03179FF2904D0E1
:103270002029D4D3E818C170D1E72819401E0021B5
:103280000170384603B0F0BD70B5214C207800289D
:103290003DD1A088E188884239D01C2002F02CF969
:1032A0000B2002F029F92078012806D11C2002F019
:1032B00033F90B2002F030F970BD01202070E08856
:1032C000A188884201D1002512E000211148124A4C
:1032D000E388C35C5354E3885B1C7F251D40E58075
:1032E000E3884D1CA688B34202D03F292946EFD37C
:1032F0001C2002F011F90B2002F00EF9E068AAB2CE
:10330000054904F0A5FA002801D00020207070BD06
:10331000600000204C0F00200C0F0020B0B50446C8
:10332000102801D00C4800E00A4808252946FFF77C
:103330000DFE102C00D10B252846FFF7A9FC102C00
:1033400003D010A006F0DAFDB0BD04A006F0D6FD53
:10335000B0BDC046A8A90008B0A9000844697370B0
:103360006C61792048616E646C65723A20446573C3
:103370006C696761206261636B6C696768740A0DD0
:1033800000000000446973706C61792048616E64CC
:103390006C65723A2052656C696761206261636B8B
:1033A0006C696768740A0D0001480121017070475B
:1033B000A40100207F498878012801D100228A7069
:1033C0007047C0467B4900224A700A70C8600A6193
:1033D0008A707047774800787047C046F0B585B06E
:1033E0000024002912D0124FFB68002B0ED00D468E
:1033F00003920490A021022264261846334601F06D
:103400000DFD002805D00BA007F04AFA204605B0B4
:10341000F0BDF8680095039901910296A02102235E
:10342000049A01F0A1FD44424441204605B0F0BD9C
:10343000BC000020454550524F4D5F526561643AD3
:1034400020446973706F73697469766F206E616F61
:1034500020657374612070726F6E746F2E0D0000A2
:10346000F0B585B0294D28780124012808D1A87825
:10347000012808D127A007F013FA0020A8702870AF
:10348000204605B0F0BD01F027FC6969401A002113
:1034900005282DD30491AA881F2010402021081A46
:1034A0002F89B842064600D33E46B218AA802B693F
:1034B0009B192B61BE1B2E8187421DD9E8686427AA
:1034C0000297B6B2202E00D30E460093019692B218
:1034D000A021022301F062FE00280FD001460C4813
:1034E00006F00CFD0120A870049C204605B0F0BD3C
:1034F0000C46204605B0F0BD0020C0E72C7001F05E
:10350000EBFB6861049C204605B0F0BDBC000020C8
:1035100069AC0008454550524F4D2028424C4F435E
:103520004B494E475F54455354293A204572726FB8
:103530002064652049324320646574656374616466
:103540006F210D00F0B583B005461A4EF068434276
:1035500043410024002A22D0002920D037781F437D
:10356000FB071CD10024B4703281B58031617470C6
:10357000642302931F232B402027FB1A934200D37E
:10358000134600910193A02102232A4601F006FE72
:10359000002807D00146084806F0B0FC34702046E9
:1035A00003B0F0BD0124347001F096FB7061204639
:1035B00003B0F0BDBC000020B2AC000880B52020F4
:1035C00001F09EFA80BD72B6FEE700000748006871
:1035D000406A704780B5054803F054F880BDC04686
:1035E00002480068002141627047C046E0070020A1
:1035F00010B54A1E0B469341441E0246A2411A4092
:10360000012A04D1B74B5C690460986908601046D0
:1036100010BDC04670B50246072801D3002300E064
:1036200001234C1E0846A041184001280AD1282336
:103630005343AC4AD2181C3238CA38C138CA38C1D0
:1036400078CA78C170BDC046002805D0A54949791F
:10365000072900D300210170411E88417047C046F0
:1036600007207047B0B54C1EA141421E054695414A
:103670000D40012D06D19B4908312246FCF76FFD14
:10368000002101552846B0BD954900224A710A71B2
:1036900008608A717047C046F0B581B0584F3879DC
:1036A000002817D0B979012959D1401E05284AD8D8
:1036B00078440079400087443702616E5478FFF700
:1036C000CFFE00284BD0FFF775FE002800D188E020
:1036D0006C4879E07879012832D1FFF77BFE002829
:1036E0003DD101F0F9FAB968401A6849884236D3E9
:1036F000002078710124BC71386800280DD0794908
:103700004D252A4600F09CFE0646AD00604829463D
:10371000324606F0F3FB734846515E4807F0C0F8A6
:103720003C71B87900281AD02720C20000206D49CA
:10373000FFF708FF002842D00220387101B0F0BD29
:10374000B87900280BD0012078710020B871387149
:1037500001F0C2FAB8604C484C4906F0CFFB01B00A
:10376000F0BD0520C0012721CA005E49FFF7EAFE2F
:10377000002826D00620387101B0F0BD2720C200F5
:10378000104608305749FFF7DDFE00281BD0042003
:10379000387101B0F0BDFFF763FE0028DFD0FFF7FE
:1037A00009FE002816D034480EE0FFF759FE002825
:1037B000D5D0FFF7FFFD00281AD01FA004E036483F
:1037C00002E02B4800E02D4807F06AF80720387126
:1037D00001B0F0BD274807F063F80520387101B04B
:1037E000F0BD274807F05CF80320387101B0F0BD48
:1037F00004A007F055F80020B871387101B0F0BD91
:10380000F000002053746F726167652046534D3A93
:1038100020426C6F636F20424B5032204F4B2E2062
:1038200053616C76616D656E746F20636F6D706C43
:1038300065746F2E0D00000053746F726167652010
:1038400046534D3A204572726F2064652064726958
:1038500076657220616F206573637265766572208C
:10386000426C6F636F20424B50322E0D00000000FF
:103870008BAE000874AF00083FAF00085EAE0008D2
:1038800091AF0008B2AF000811AD00088813000026
:1038900090AD0008E9AE0008B8AE0008014600206F
:1038A000062907D8CE4A9379002B03D10120507105
:1038B000DA4A51717047C046B0B501460020002970
:1038C0000DD0C74CA279002A09D1D44D2846083022
:1038D0000A22FCF744FC012060710021A974B0BDEC
:1038E000F0000020D40D0020F0B587B0BC4800687F
:1038F00000281ED0BBA006F0D3FF2720C60000245E
:10390000C64F204639463246FFF768FD002814D0DE
:103910004D2290003D58B2480068394600F090FDB5
:10392000A8420FD1D64806F0E9FA0124204607B094
:10393000F0BD0024204607B0F0BDB948002106F0D4
:10394000DDFA05E00246B74800212B4606F0D6FA1C
:10395000B5A006F0A5FF30460830B04F39463246D4
:10396000FFF73CFD00280BD04D2290003D589C48AD
:103970000068394600F064FDA84207D1BF4825E041
:1039800005208101A64806F0B9FA06E002460520A6
:103990008101A4482B4606F0B1FAB24806F080FF38
:1039A00005200390C7019D4D384629463246FFF752
:1039B00015FD002812D04D2290002E58884800682E
:1039C000294600F03DFDB0420DD1AB4806F068FF3E
:1039D000012483484471204607B0F0BD9048394621
:1039E00006F08CFA05E002468E483946334606F06A
:1039F00085FA9D4806F054FF281D4D218900FCF7EB
:103A0000A3FB9A480121049129606121A860E96023
:103A10002C827F20C005686128461C30944E316896
:103A200010273A460697FCF79AFB2C202C54284680
:103A30002D3090490A220592FCF76DFBF06A316B3C
:103A40004222A9524021685237202C54B069E863C1
:103A500028464430316C3A46FCF781FB54202C5404
:103A6000284655308349059F3A46FCF754FBF06ED3
:103A7000316F6A22A952682168525F202C54B06DC0
:103A800068668020315828466C30069AFCF767FB40
:103A90007C202C5428467D3076493A46FCF73BFB87
:103AA000B020305892216852AC2030589021685292
:103AB000982030588C21685087202C54C0203158D1
:103AC00028469430069F3A46FCF749FBA4202C5424
:103AD0002846A5306749059AFCF71DFBF0203058B1
:103AE000BA216852EC203058B8216852D82030589A
:103AF000B4216850AF202C54049800023158284655
:103B0000BC303A46FCF72BFBCC202C542846CD3059
:103B10005849059F3A46FCF7FEFA1320000102902F
:103B20003058E22168524B20800001903058E0214B
:103B300068522320C0003058DC216850D7202C5414
:103B40000398800131582846E430069AFCF707FBB9
:103B5000F4202C542846F53046493A46FCF7DBFA67
:103B60001720000130588521490068525B208000F1
:103B700030582121C90068522B20C0003058412103
:103B800089006850FF27EC55432080002818032146
:103B9000C9017158069AFCF7E2FA472080002C54BC
:103BA00038461E3028183349059AFCF7B4FA1B2012
:103BB000000130589921490068526B20800030582C
:103BC000029968523320C000305801996850283754
:103BD000EC55034804994171204607B0F0BDC0463A
:103BE000F0000020454550524F4D204D616E6167F9
:103BF00065723A2056657269666963616E646F200A
:103C0000696E74656772696461646520646F7320AE
:103C10006461646F732E2E2E00000000D40D00200E
:103C20005AAD0008D7AD0008454550524F4D204DC4
:103C3000616E616765723A205072696D6172696F79
:103C400020636F72726F6D7069646F2E2054656EA1
:103C500074616E646F204261636B757020312E2E2B
:103C60002E000000EBAF0008ABB0000873656E6873
:103C7000B8A90008CCBA000868B0000825B0000850
:103C800027AE0008F0B587B0002506955422825C67
:103C9000012A03D10224204607B0F0BD064654365F
:103CA00001243470026893685B0714D407694B6879
:103CB000022B18D104200743994887426DD19748B9
:103CC000C0430B68D9430143906A084090620024C6
:103CD000002B66D4D2E0816D20220A4382653570C4
:103CE000204607B0F0BD059304231F438C4CA74228
:103CF00062D10F683846894B1840936A0343936238
:103D00003802536983438968014086480840184354
:103D100050610024002F00D4B0E0032082058248C7
:103D20000368194611403846804F0490B84200D0CD
:103D300096E07A4F7F1CB94200D391E07A4803683D
:103D400093431943754A5118491C0160794800682A
:103D50007949FCF7A2FD0C214143481C06900698C6
:103D6000002800D18AE00698401E06900698002898
:103D700000D183E00698401E0690069800287DD06A
:103D80000698401E06900698002877D00698401E98
:103D9000069006980028E6D170E00B680024002BFE
:103DA0006CD5FA480168624A93426BD05F4A9342ED
:103DB00064D10122920567E01F27059C27400F244C
:103DC00000940397BC40076E0194A74302970C68C8
:103DD000524F3C42049462D0E4072F4667D1049FBF
:103DE000BC075FD47C075FD43C075FD4FC061F464A
:103DF0005DD4049CA30671D4630671D4230671D4E8
:103E0000E30571D4049B9B0570D4049B5B056FD4C0
:103E1000049B1B056ED4049BDB046DD4049B9B04A4
:103E20006CD4049B5B046BD4049B1B04009F3ED4A6
:103E3000049BDB0366D4049B9B0365D4049B5B0358
:103E400064D4049B1B0363D4049BDB0262D4049BF5
:103E50009B0261D4049B5B02DB1716271F4026E000
:103E6000334F0498B84209D10127BF053B4005D123
:103E7000C64803689343194339430BE03570204625
:103E800007B0F0BD254A521C114003229205036879
:103E90009343591801603570204607B0F0BD6300A8
:103EA000DF0E04E0012702E0022700E00327039C65
:103EB000A740029B1F430766059B9B08C069984269
:103EC0000AD90198C043936A0340049FB800000FC9
:103ED000A0401843906213E7049F11E70527E6E727
:103EE0000627E4E70727E2E70827E0E70927DEE7F8
:103EF0000A27DCE70B27DAE70C27D8E70D27D6E7F8
:103F00000E27D4E71027D2E71127D0E71227CEE7F4
:103F10001327CCE71427CAE71527C8E7FFFF7F0060
:103F20000400008000FFFF7F08270140000200A47A
:103F3000000400A82C000020400D03000068006C65
:103F400070470000F0B589B0044600200890002CAE
:103F500076D00790A06D002807D12546543520461D
:103F600000F016F900202870E06501273D0726685B
:103F7000B068C00026D4B0687F4901402943B160D1
:103F80007E4800687E49FCF788FC4000089008984D
:103F9000002817D00898401E08900898002811D0D3
:103FA0000898401E0890089800280BD00898401EDA
:103FB00008900898002805D00898401E0890089896
:103FC0000028E7D1B068284208D1A06D1021014334
:103FD000A165E06D012107910843E065B068042107
:103FE0000140A26D102002405118A16D2BD1069006
:103FF0000F20C7433A46F33A1140891CA165B168C6
:10400000C9077DD10390049727462037216B4A1EAC
:1040100091410D03A168227E92030A43617EC90388
:104020001143A27E50030843E36803432B4301205E
:10403000C507216900290590029509DAA94308E01E
:10404000012009B0F0BD0143A165384609B0F0BDBB
:1040500041050B43387B45001D433878012809D1C1
:10406000002A11D0A06D20210143A165E06D0599C2
:104070000843E065626A002A0CD0072080010240F4
:10408000A16A1143294306E0059800040543626ACA
:10409000002AF2D12946F0683A4A02400A43F26007
:1040A0000320820763681D461540E16C387F0128B4
:1040B0000ED1206C0090676CA06C019000980743B3
:1040C000019807432F430F43059807433D4600E0FF
:1040D0000D43049F30692C49014029433161029806
:1040E000834203990CD093420AD0059880078342FB
:1040F00006D08804034025490A688243D018086026
:10410000706907229043656B284370617069702164
:104110008843A16B0901014371612169012358059D
:10412000814203D000290BD1B06A07E0B06AE06990
:1041300080001C301C2101408F40206E3843B0624B
:1041400070691040A8420AD10020E065A06D0121ED
:10415000014302208143A165079809B0F0BDA06D1D
:104160000699084302218843A065E06D1843E06585
:10417000184609B0F0BDC046E8FFFF6F2C000020D4
:10418000400D03000102DEFF02FCFF1F0827014073
:1041900080B58AB000210991089107910691059197
:1041A0000491039100680D49884201D00AB080BD96
:1041B0002020029002A801F035FB002801D0FFF773
:1041C00002FA0120000506490A6802430A600968EC
:1041D0000140019101980AB080BDC0460024014011
:1041E00040100240F0B581B00D46044640690828F1
:1041F00001D1082704E02068C068C0073FD1042728
:1042000000F06AFD06462168086838421CD001208B
:104210004202A36D1343A365CA681205920F4AD1E7
:10422000A27E002A47D10A68120744D58A6852073D
:1042300038D4224658324B680C25AB434B60FF25DF
:1042400002351368AB4334E0002D1FD0681C10D139
:1042500008683842DBD108683842D8D1086838424B
:10426000D5D108683842F3D0D1E7216808683842D0
:10427000CDD100F031FD801BA842F6D908E0A06D39
:1042800020210143A165012001B0F0BD00F024FD13
:10429000542000212154A06D04210143A165032075
:1042A00001B0F0BDA26D20231343A36522465C320A
:1042B000E36D03431360227E0020002A01D001B089
:1042C000F0BD0C220A6001B0F0BD000070B50146DF
:1042D000006882680220520711D454228A5C012AA5
:1042E0000DD00C4654340120054620700E46084679
:1042F000FCF732FF002803D000202070284670BD54
:10430000B06D09490140012000020818B065002085
:10431000F06531681C220A6020708A68304B1340B7
:104320001A1D8A6070BDC046FEF0FFFFF0B581B077
:1043300004465420205C012802D1022001B0F0BDC7
:1043400026465436012737702068816849071FD4F4
:1043500081688268D20737D00222114034D1816847
:1043600005220A40012A27D181681D4A0A40911C72
:1043700081600321016000F0AFFC05462068806881
:10438000C00721D000F0A8FC401B0328F6D313E09F
:104390008168890704D48168114A0A40103282601A
:1043A00000F09AFC0546206881684907D0D500F0E6
:1043B00093FC401B0328F6D3A06D10210143A16597
:1043C000E16D5C34384605E0FF200230A16D814389
:1043D00058340020002232703943216001B0F0BD12
:1043E000E8FFFF7F70B503460120CC0720D0114CB9
:1043F0000C40651EAC4103261546F541032D17D828
:104400007D442D796D00AF440B0105090B4C0C4028
:104410000ED105E0084C0C400AD101E0002C07D178
:104420001868416181681823994311438160002015
:1044300070BDC04680FFFF7F00FFFF7F0000FF7F51
:10444000F0B584B00E46022141770468A1680125C9
:104450002943A160016A01291ED002290ED0032937
:1044600028D1002A00D103E10395032511462940F4
:10447000042A00D3D2E033460025DEE057081ED0E0
:10448000039503213B460B4000937B1E032B0296B2
:1044900001971AD2002133E0970814D00395032323
:1044A000394619400091791E03290296019349D299
:1044B00000257AE000214577084604B0F0BD0021D0
:1044C000D2073CD1D4E000219EE08F430021354645
:1044D0006B882E883604F3182360EB88AE88360488
:1044E000F31823606B892E893604F3182360EB8957
:1044F000AE893604F31823601035091D8F42E7D1C9
:10450000009F002F029E14D08B00F1184D88F35AA3
:104510001B045B192360012F0BD0CB888D882D04E1
:10452000EB182360022F04D04B8909890904C918AC
:10453000216001998900039DD20700D198E0715A4A
:10454000218095E09F43002531460E7836064B7852
:104550001B049B198E7836029B19CE789B19236019
:104560000B791B064E793604F3188E7936029B19A7
:10457000CE799B1923600B7A1B064E7A3604F3180A
:104580008E7A36029B19CE7A9B1923600B7B1B0611
:104590004E7B3604F3188E7B36029B19CE7B9B191B
:1045A000236010312D1DAF42CFD1009F002F029EFE
:1045B00026D0A900735C1B0671184D782D04EB18EA
:1045C0008D782D025B19CD785B192360012F17D0F0
:1045D0000B791B064D792D04EB188D792D025B1993
:1045E000CD795B192360022F0AD00B7A1B064D7A16
:1045F0002D04EB188D7A2D025B19C97A59182160A8
:104600001146019B9943039D03231A407A44127972
:10461000520097442C011C24715C27E0AA4300251A
:1046200033463768276077682760B7682760F76880
:10463000276010362D1DAA42F3D1002905D0AA000B
:104640001D469B582360012917D1039D10E0721865
:104650005278715C090289182180046808E0721898
:104660005378715C0902C91821809178217004681F
:1046700021684577084604B0F0BDAA185368236046
:104680000229039DF4D091682160F1E7B0B50125BE
:10469000002814D00446407F002804D10020207751
:1046A000204600F031F8022060772079002808D0F9
:1046B000A168E2682046FFF795FE002808D028464A
:1046C000B0BD20680F494161816818229143816023
:1046D00000256079002801D0216900E0E9432068C5
:1046E000016181686022914362690A438260816846
:1046F00080229143A2690A438260012060772846A4
:10470000B0BDC046B71DC10481B0006808498842E9
:1047100001D001B070470120000306490A68024336
:104720000A60096801400091009801B07047C046D6
:10473000003002403810024070B500282CD00146ED
:1047400024314A78022A29D1046822680E239A4328
:104750002260426C1568314B1D40156025680122AE
:1047600095432560046C1C2525401446AC40D74D6C
:104770002E6826432E60846CC56C6560046D002C29
:1047800005D025681D402560436D806D58604A70D6
:10479000002000220A7070BD012070BD0422C26397
:1047A000012000220A7070BD70B5242101244454F8
:1047B000014624314A78022A2BD103681A680E2454
:1047C000A2431A601C68012294431C60446C256853
:1047D000124B1D402560046C1C2525401446AC403E
:1047E000BA4D2E6826432E60846CC56C6560046DDE
:1047F000002C05D025681D402560436D846D5C60EC
:1048000000240C704A70816B002900D08847204634
:1048100070BD0421C163204670BDC046FFFEFFFF8E
:10482000F0B585B0016C1C240C4004231946A1404E
:10483000A64A121F15680A4603952A405642564159
:10484000049005682A6817461F4078427841304333
:1048500032D002950121022610463040474247419E
:10486000A640039B1E420D46019400D03946049F8A
:104870003C462434002931D008200240564256419B
:104880000198C340180700D53546002D24D1029A5F
:1048900010680E218843106001200146019A914062
:1048A0008A4B1A680A431A60F8630021217060700D
:1048B000796B00290ED10FE02868800602D42868A1
:1048C00098432860814A106808431060049F396B40
:1048D000002901D03846884705B0F0BD029A10681B
:1048E000800605D410680A2188431060012060709A
:1048F000002020707549086830430860F96A002973
:10490000E8D1E9E7F0B587B000284AD0044601466F
:1049100024310220069148702768386834490140E4
:104920003960344E30468030A0643348381814253E
:104930002946FBF7B2FF800081192064059161646C
:10494000FC20384008382946FBF7A7FF1C2202400C
:1049500001210B469340E364A0680490E568264675
:10496000103645CE0196E6690296266A03962843DC
:104970001043019A10430E460299084303990843D5
:1049800039680143049A11433960B1031B488A42D4
:104990000AD1002205990A60626003601546134639
:1049A0001BE0012007B0F0BD6168CFB2059A176027
:1049B0000360491E00220329154613460DD8791EAF
:1049C0008A0082180023D36703250D403346AB408D
:1049D0000B490B607C32BC3005460020E063226549
:1049E0006565A365069908704E7007B0F0BDC046B6
:1049F0000F80FFFF00080240F8FFFDBF840802405F
:104A000044090240F0B583B004462420205C01280C
:104A100002D1022003B0F0BD254624356878012874
:104A200030D10092022068700020E063266832686E
:104A300001270297BA433260A26CE76C5760226D7F
:104A40000192002A02D0626DA76D5760226C1C276C
:104A50001740029ABA401D4F3F6817431B4A176020
:104A60007360A368102B009F3A4600D00A46B260DC
:104A7000102B00D03946F1603168226B002A06D035
:104A80000E2209E002200021297003B0F0BD0422AB
:104A90009143316032680A21114331600299090261
:104AA000626C1368DB0302D513680B431360019B30
:104AB000002B02D01A680A431A603168029A114327
:104AC00031600021297003B0F0BDC04604000240EF
:104AD000B0B5044600F000F90546601C02D0044859
:104AE0000078241800F0F8F8401BA042FAD3B0BDBB
:104AF0000800002080B5202801D1FEF755FC80BDBC
:104B0000B0B50446074D2868204203D02C602046EB
:104B100000F00AF86868204203D06C602046FFF776
:104B2000E9FFB0BD0C18024070470000F0B58AB034
:104B3000069009910B68002B00D1B4E05B48069900
:104B4000814201D0062000E005200B2212070699C1
:104B500089180A22D1410091042900D300900698B7
:104B60002030019000252E46079529460FE01A4374
:104B700062600899491C099803681846C8400835BE
:104B8000B61C079A121D0792002800D18BE0012461
:104B900020460891884003400393EAD00495099980
:104BA0004A6810211143122915D11C21079A11407E
:104BB00005960F2632468A40089BDB089F00019B22
:104BC000DD599543099A12693240059E8A402A436D
:104BD000DA5109994A68032311461940B1400293FA
:104BE000B3403746069E35689D430D4335603E46CB
:104BF000D9430591122A049D15D894402E490C42A0
:104C00000FD0069CA168059B1940099BDB68B34047
:104C10000B43A3601109089B9940636883430B43CE
:104C20006360032AA5D0069BD868059908400999B6
:104C30008968B1400143D960D0009AD51820284036
:104C40000F218140089A029B9A43194CA218136EB7
:104C50008B430099814019431166164802680998F0
:104C60004068C10302D5039B1A4301E0039B9A43AA
:104C700010490A604A68810301D51A4300E09A434B
:104C80000C494A602268C10205D51A432260626855
:104C9000800206D56BE79A4322606268800200D5E5
:104CA00065E79A4364E70AB0F0BDC04600140050BF
:104CB0000018024080180240060006000069084003
:104CC000411E88417047002A02D018228150704747
:104CD0002822815070470000014800687047C04694
:104CE000CC0F0020B0B50246034640335C7802206A
:104CF000202C17D11C78012C14D024205870106857
:104D000002680124A24302602203056895430560FE
:104D100002680A43026001682143016000201870A4
:104D200020215970B0BDB0B50246034640335C78CF
:104D30000220202C17D11C78012C14D0242058706C
:104D4000106802680124A24302600F221202056863
:104D50009543090229430160016821430160002055
:104D6000187020215970B0BDF0B581B0002822D054
:104D7000054640356978002905D10021297004468F
:104D800000F026FB20462421697001680B6801228F
:104D900093430B600F231B0644689C430C618C6893
:104DA0001C4B1C408C608468C668012E06D1D6035B
:104DB00034438C600CE0012001B0F0BD2127BF021C
:104DC0003C438C60022E03D1D4024E68264302E09D
:104DD000D4024E68A6434E604C680F4E26434E6088
:104DE000CC681C40CC60036944691C4383691B0286
:104DF0002343CB60C369046A1C430C600B681343F4
:104E00000B600021416420226A7001630846A9708A
:104E100001B0F0BDFF7FFFFF00800002F0B589B058
:104E20000793054600240894034640335878022728
:104E3000202800D090E028688069000400D58BE02D
:104E40001878012800D187E02420587001200393AE
:104E50000290187004946C64CD480140069205914C
:104E600013E0C46100972024002228462146079BB6
:104E700002F0B4FF00285DD00898401C0890089804
:104E80000898069A904205995ED2E868012834484D
:104E900000D03448401829684860FFF71DFF0746D6
:104EA00028688169202631408269102422408918AF
:104EB0002BD10799491C10D00798002842D0FFF742
:104EC0000BFFC01B079988423ED828688169314092
:104ED000826922408918F2D017E0816931408269E5
:104EE0002240891811D18169314082692240891894
:104EF0000BD18169314082692240891805D18169CD
:104F00003140826922408918E7D08169C906A8D456
:104F1000009720240027284621463A46079B02F0A6
:104F20005DFF002809D0686C0428A5D12868C461F9
:104F30006F64A1E72868C4619EE72868C46103998B
:104F40004C7007E0FFF7C8FE03994E70686C304361
:104F50006864029F04980870384609B0F0BDC046E6
:104F60000020000200280002F0B589B00446064681
:104F7000403675780220202D09D10E9F002F08D0D1
:104F80000F9D002D05D007953578012D06D109B06C
:104F9000F0BD01204102616409B0F0BD03970593A3
:104FA00002920691012008903070FFF795FE0246AC
:104FB0002068816909042FD410990491222171700D
:104FC0004021B17000276764079961850399616288
:104FD0006763F949069B0B400599C9B2090406931A
:104FE000C9184368F54D2B40C918012308935B038A
:104FF000C918416020460499154602F0AFFF002809
:1050000046D10397079520680599012926D1029971
:10501000C9B28162079D31E00898C50302E0816949
:105020002942C9D019212046174602F019FE00284E
:1050300011D1FFF751FEC11B20681A293A46EED361
:1050400081692942EBD0606C202108436064717053
:1050500000203070B070089809B0F0BD0299090ABC
:10506000816220460499079D2A4602F077FF0028B6
:10507000039F0DD121680298C0B28862009540213B
:1050800000222046049B02F0A9FE0028039F03D0C3
:105090003770089809B0F0BD608D000A07D020680D
:1050A0004168C64A1140021DFF203B4B09E0608D5C
:1050B00022685368C1490B40C1B209041943121D4B
:1050C000344B069F19433943116020850120089015
:1050D000400638180590079A049D0FE0608D2085E2
:1050E00021684A68B84B1A40C0B20004059B1843B7
:1050F00010434860079A608D002834D00092042144
:10510000002720463A462B4602F068FE0028A2D12E
:10511000606A2168496A0170608D401E6085606A1E
:10512000401C6062208D401E2085618D0029079AF9
:10513000E1D00004DFD100928021002220462B46DE
:1051400002F04CFE002886D1608D000AC6D0FF20F8
:10515000208521684A689C48024006980243994885
:1051600002434A60C6E72046294602F0B4FE002802
:10517000089800D00BE720682021C1614268934B5A
:105180001340436071703770B770384609B0F0BD96
:10519000FF030000002400020024FF01F0B589B0E5
:1051A0000446074640377D780220202D09D10E9E07
:1051B000002E08D00F9D002D05D007953D78012DBC
:1051C00006D109B0F0BD01204102616409B0F0BD13
:1051D0000396049302920691012005903870FFF720
:1051E0007BFD06462068816909042DD40896109D30
:1051F000212179704021B970002666640799618584
:105200000399616266636C49069A0A400499C9B2BF
:105210000904069289184268684B1340C918684A05
:1052200089184160204607952946089A02F096FEA3
:10523000002845D1039620680499012925D10299B7
:10524000C9B28162089D30E00598C50302E081691A
:105250002942CBD019212046324602F001FD002818
:1052600010D1FFF739FD811B20681A29EFD381691E
:105270002942ECD0606C20210843606479700020E2
:105280003870B870059809B0F0BD0299090A8162BA
:1052900020460799089D2A4602F060FE0028039EDA
:1052A0000ED121680298C0B2886200958021002545
:1052B00020462A46079B02F091FD0028039E03D05A
:1052C0003E70059809B0F0BD039501204606618D3A
:1052D000090A3C4A3C49059006D020680B464168C3
:1052E0001940051DFF2008E0608D226853680B40BF
:1052F000C1B209041943151D3246069B11431943D7
:10530000296020851E430496089A079E0FE0608D51
:10531000208521684A682C4B1A40C0B20004049BC7
:10532000184310434860608D0028089A2FD020460B
:10533000314602F013FE0028A4D12068616A0A7881
:105340008262608D401E6085481C6062208D401E18
:105350002085618D0029E6D00004E4D108980090F2
:10536000802100222046334602F038FD002889D1F2
:10537000608D000ACBD0FF20208521684A68124842
:105380000240069802430F4802434A60CBE720469A
:10539000314602F0A0FD0028059800D011E72068F2
:1053A0002021C1614268094B134043607970039822
:1053B0003870B87009B0F0BDFF030000009800FC21
:1053C000002000010000FF01009C00FC00E800FE3E
:1053D00070B58EB000240D940C940B940A9409942B
:1053E0000894079406940594049403940294006826
:1053F0001649884201D00EB070BD0226019601A860
:1054000000F010FA002801D0FEF7DDF8104D2868F2
:105410003043286028683040009006200D900C949E
:105420000B9412200A90032000020990009809486A
:1054300009A9FFF77BFB01204005A9680143A9608A
:10544000A9680140009100980EB070BD0054004062
:1054500034100240000400501B48007802490A68DA
:10546000101808607047C046CC0F002010B500240B
:10547000204600F009F8002801D0012010BD00F0FE
:1054800027F8204610BD000070B50F4E317801247A
:10549000002916D005467D20C000FBF7FEF9014625
:1054A0000A480068FBF7F9F900F06EFF032D08D8F1
:1054B000002806D10024E0432946224600F038F8AF
:1054C0007560204670BDC046080000202C000020FA
:1054D00082B0D348416801221143416041681140C4
:1054E00001910199110702680A43026000680840AF
:1054F0000090009802B07047002809D41F2108408E
:105500000121814003480160BFF34F8FBFF36F8FCC
:105510007047C04680E100E0002805D41F21084004
:1055200001218140014801607047C04600E100E070
:10553000002805D40322034693430A4A9A1803E03D
:105540000C220240064BD2188007C00E8901C9B256
:105550008140FF23834010689843084310607047E0
:1055600014ED00E000E400E0B0B5B3218A000021B2
:10557000815403685C6D01252C435C65801885604F
:10558000586D022202435A650846B0BDF0B585B099
:1055900000281ED00746A52080003D186878002806
:1055A00004D100202870384600F012F903266E70EE
:1055B000386804F021FC3879002800D1F4E0039524
:1055C000044634400428049706D20022002C37D128
:1055D0005DE0012005B0F0BD0294FC2202403B4694
:1055E000F51E691C3C27D955A91C6427D9550027ED
:1055F0005F629F62DF62DF7501215975DF641F659D
:105600005F655F679F67DF671C463C3461701D758F
:105610001D4664356970E7701C468C346170EF700C
:105620008C215E5427616761A761E770311DA0334B
:10563000741C94420E46D3D1CA1E029C002C26D064
:10564000049B14332825294651435A5459180027DE
:105650000F614F618F61CF7001264E70012C16D003
:10566000511C02962E464E4399559919029E0F6180
:105670004F618F61CF704E70022C08D0911C4D434A
:10568000595559190F614F618F61CF704E700028C5
:10569000049F039D00D187E00322014611400428A6
:1056A00003D20020002959D17EE079239B00FB180A
:1056B000FC2528401C46673C002626701C46783C8A
:1056C00026601C467C3C26601C46803C26601C46AE
:1056D0008D3C26701C46903CD71E27701C468F3C84
:1056E00026701C463F3C26701C46503C26601C46DB
:1056F000543C26601C46583C26601C46653C26707F
:105700001C46173C26701C46283C26601C462C3C38
:1057100026601C46303C26601C463D3C26701C46DC
:10572000683C7D1C25701C46403CBD1C25701E60DD
:105730001C1F26601C46083C26601C46153C267033
:105740001C46183C2270151DA033521C82422A466A
:10575000B0D1E81E049F039D002925D05522920058
:10576000BA18282633464343D054D4180023236163
:105770006361A361E3706370012915D0441C354651
:10578000654354555419039D23616361A361E3701C
:105790006370022908D0801C46439055901903611C
:1057A00043618361C37043700FCF3C780094103F16
:1057B00004F014FB0020787401216970397B012901
:1057C00004D105463846FFF7CFFE284605B0F0BDA8
:1057D00080B58AB000210991089107910691059141
:1057E0000491039100680D49884201D00AB080BD40
:1057F0000820029002A800F015F8002801D0FDF75B
:10580000E2FE0120400306490A6802430A60096873
:105810000140019101980AB080BDC046005C004083
:105820003C100240F0B585B00446007840064C4E6E
:1058300001D4002035E0012001073746203F3A68B7
:1058400003910A40029207D13968039A11433960E3
:105850003968114004910499032101910A023168C9
:10586000114010D0E26991420DD0316800043268D5
:10587000024332603268824332600846394A10403F
:105880003060C8075AD1306836490840E1690143A1
:10589000316000200299002903D13968039A9143AD
:1058A00039602168CA070BD18A0713D48A061CD431
:1058B0000A0725D44A072DD4090636D405B0F0BD11
:1058C0003246083A13680325AB43A5681D431560AB
:1058D0008A07EBD5032212033346083B1D68954324
:1058E000E2682A431A608A06E2D503229207334609
:1058F000083B1D689543A2692A431A600A07D9D557
:1059000001221203331F1D68954362692A431A60FE
:105910004A07D1D5032292033346083B1D689543BD
:1059200022692A431A600906C8D55C3E3168E02224
:10593000914362680A43326005B0F0BDFFF7CCF9CD
:105940000546306880079ED4FFF7C6F9401B7B49A7
:105950008842F6D90198029900299ED0A1E7C04655
:105960005C100240FFFCFFFFF0B583B00D4601461E
:10597000012000296BD0029101906F480068072731
:105980003840854215D96C490868B84328430860F7
:105990006A4CFFF7A1F90646674800683840A842FC
:1059A00007D0FFF799F9801BA042F5D9032003B077
:1059B000F0BD029B186881079E4C10D5410707D5A2
:1059C0007B21090222688A430B21090251182160B8
:1059D0000F21090222688A43D96811432160C00758
:1059E0001AD1554800683840854232D25249086879
:1059F000B84328430860514CFFF76EF906464E48FD
:105A000000683840A84224D0FFF766F9801BA04206
:105A1000F5D9032003B0F0BD2246083A10681C21D6
:105A200088439968014311605968032943D8880065
:105A300001A31B5801989F46495A0008AF5A000815
:105A40009F5A0008A75A00081268520537D403B0BD
:105A5000F0BD029A10784007764C05D538032168CE
:105A60008143106908432060204608380168226895
:105A70009206520F06D0226838200240082A07D129
:105A80006D4842E000688004420F6C48D0403CE022
:105A900022680240202A2AD10120C00335E0126882
:105AA0001202D4D50BE0A26D9207D0D507E01268A0
:105AB0009203CCD503E0606D80070198C7D52068BC
:105AC000B84308432060FFF707F9064620683821ED
:105AD000014002984068C000814282D0FFF7FCF884
:105AE000801B16498842F1D9032003B0F0BD22681B
:105AF0000240182A02D17D20000206E022680240FE
:105B0000102A01D0002000E04C48C906490F491C6A
:105B1000FAF7C3FE216889093C220A402A498958BC
:105B20001F220A40D040F1490860F1480068FFF7A1
:105B3000ABFC03B0F0BDC04600200240881300005B
:105B400010B53C4C20460838016822689206520F76
:105B500006D0226838200240082A07D136481AE0C9
:105B600000688004420FE048D04014E02268024000
:105B7000202A02D10120C0030DE022680240182A29
:105B800002D17D20000206E022680240102A01D0E6
:105B9000002000E0D448C906490F491CFAF77DFEF1
:105BA000216889093C220A40074989581F2211406F
:105BB000C840CE4908602168890A1C230B4003496C
:105BC000C9581140C84010BD48A9000888A900085C
:105BD00080B518480246083A116803689B065B0FB7
:105BE00006D0036838221340082B07D112481AE068
:105BF00010688004420FBC48D04014E00368134092
:105C0000202B02D10120C0030DE003681340182BA4
:105C100002D17D20000206E000681040102801D06B
:105C2000002000E0B048C906490F491CFAF735FECC
:105C300080BDC04608100240001BB700006CDC02AB
:105C4000F0B581B004460120002C00D148E100905D
:105C50002078C007A34E08D0B0683822024061689F
:105C6000082A4BD1002900D190E02078800721D468
:105C70002078000709D5B06838220240A169182AA7
:105C800000D086E0002900D180E0207840070AD5C6
:105C9000B06838220240A168202A00D08DE0002997
:105CA000009800D11CE120780025C00637D4284692
:105CB00001B0F0BDE268B0688006400F47D03068A0
:105CC00001218F02002A00D184E00722D2029043F2
:105CD0002269024332600802316801433160FEF7F5
:105CE000FBFF05463068384200D09BE0FEF7F4FF2A
:105CF000401B0228F6D9032001B0F0BD3068012313
:105D00005F041A04914207D005252D04A94272D1DF
:105D100099040843306030681043306073E03068A5
:105D20000121CF05E2698905002A00D183E00843FB
:105D30003060FEF7D1FF044630683842B7D1FEF735
:105D4000CBFF001B0228F7D9032001B0F0BD002AC9
:105D50001CD07F2000027168814360690002084303
:105D600070600720C00231688143206908433060B9
:105D700030688004400F5C49C1405C4801605C4869
:105D80000068FFF781FB002800D171E7009801B09F
:105D9000F0BD306E00295ED0012108433066FEF769
:105DA0009BFF0546306E800700D56EE7FEF794FF37
:105DB000411B03200229F5D992E0F06D012905D09D
:105DC000052959D104210843F065F06D01210143F3
:105DD000F1655AE0090288433060FEF77DFF054611
:105DE0003068384200D143E7FEF776FF411B0320BD
:105DF0000229F5D974E090433060980432688243F8
:105E00003260002950D0FEF767FF054630683842FF
:105E100000D02AE7FEF760FF401B6428F6D9032074
:105E200001B0F0BD7F20000271688143606900020B
:105E3000084370601CE788433060FEF74DFF04465E
:105E40003068384200D132E7FEF746FF011B0320DD
:105E50000329F5D344E0012188433066FEF73CFF77
:105E60000546306E800700D40FE7FEF735FF411B73
:105E700003200229F5D933E001229043F065F06D4B
:105E800004229043F06500291CD01A4FFEF724FF2E
:105E90000546F06D800700D505E7FEF71DFF411BA5
:105EA0000320B942F5D91BE0FEF716FF054630681E
:105EB000384200D1D9E6FEF70FFF411B03206429C9
:105EC000F5D90DE00B4FFEF707FF0546F06D800793
:105ED00000D4E8E6FEF700FF411B0320B942F5D9E4
:105EE00001B0F0BD00100240006CDC022C0000206C
:105EF0000C00002088130000B0B500684568280C2D
:105F0000C8703F242C408C70EB04DB0E4B702D04CA
:105F10006D0F0D70002A01D00020B0BD0522D243C4
:105F2000250955432C198C701C095443E3184B70F8
:105F3000C3B21B0953431818C8700020B0BD00003D
:105F4000B0B5006883684B600369124C1C408C60DC
:105F500003687F20184088705C02E40FCC705C04FA
:105F6000640E4C709B029B0E0B70002A01D0002027
:105F7000B0BD0522D2430509554328188870200971
:105F800050430019487018095043C0180870002089
:105F9000B0BDC046FF7F0000F0B581B000282ED014
:105FA0000446064624367078002804D1002030705C
:105FB000204600F05DF8022070702068C168C906B4
:105FC0004FD4CA21416253214162EC4F38684006E8
:105FD0001ED43868802101433960FEF77DFE0546F6
:105FE0003868400614D4FEF777FE3A684021114025
:105FF000401BE34A904205D20029F4D008E001207A
:1060000001B0F0BD002903D103207070396815E09C
:10601000F86816490140F960606821690143A06988
:106020000843F9680143F960E068A1680904014385
:106030007960204602F026FD002804D02168FF2266
:106040004A6201B0F0BD07204007F9688143E0696A
:10605000226A0A43024360691043F8602068FF2106
:10606000416201207070002001B0F0BDBFFF8FFFC2
:1060700010B58AB00021089107910691059104910D
:10608000039100680F49884201D00AB010BD40203A
:10609000029001242002099002A8FFF7C3FB002808
:1060A00001D0FDF790FAE00307490A6A02430A6249
:1060B000A0020A6802430A60096801400191019840
:1060C0000AB010BD002800403C100240F0B585B079
:1060D0002423C35C012B02D1022005B0F0BD03468E
:1060E000243302245C70012400941C70002A049361
:1060F00007D0CA7813044A781202D7188A78029215
:106100003DE04D78EA0603D5EF2215400A354D7083
:10611000CA7800260A2A0FD30A3AD3B2CD245C43A8
:10612000E30A0A245C43121B1B0110331343DAB247
:106130000A2D06D233460EE033461343DAB20A2D57
:10614000F8D30A3DEBB2CD245C43E30A0A245C4356
:106150002D1B1B01103312042B43DBB21F028D7861
:106160000A2D09D30A3DEBB2CD245C43E30A0A248D
:106170005C432D1B1E01103617432E4302960390DD
:106180000068CA22426253224262087801907B4E24
:106190003068400623D43068802101433160FEF727
:1061A0009BFD05463068400619D4754CFEF794FDFA
:1061B000326840211140401BA04202D20029F5D094
:1061C0000DE000290BD10320049B5870316803991E
:1061D0000968FF224A620021197005B0F0BD0298DB
:1061E000C0B2074301984003C0218F430743039C7B
:1061F00020684760204602F045FC2168FF224A6281
:106200000028049BE7D100985870002000211970E5
:1062100005B0F0BDF0B585B004462420205C01280F
:1062200002D1022005B0F0BD019202912246243233
:10623000022050702068CA2141625321416201202E
:106240000492039010704D4E3068400622D430689E
:10625000802101433160FEF73FFD0746306840066C
:1062600018D4474DFEF738FD326840211140C01B5D
:10627000A84202D20029F5D00CE000290AD103205F
:10628000049B587031682168FF224A62002119700E
:1062900005B0F0BD2068826940211140019A002AB2
:1062A00005D00029029F16D10021F97015E00029C0
:1062B000029F01D10021F9703A7800210A2A16D3F1
:1062C0000A3AD3B2CD255D43EB0A0A255D43521B42
:1062D0001B0110330CE0F9788905039D3A7812040C
:1062E0007B781B029A18BB78D3180B432AE00B4625
:1062F0001343DAB213047A780A2A0AD30A3AD5B2D7
:10630000CD266E43F50A0A266E43921B2D011035E9
:1063100000E00D461543EAB212021A43BB780A2B7D
:1063200009D30A3BD9B2CD254D43E90A0A254D438D
:106330005B1B09011031039D1943C9B20A43F97867
:106340008B0513430F4919400160A90482698A43F0
:106350008261F9683A690A43816911438161204683
:1063600002F090FB2168FF224A620028049B8DD135
:106370005D7000200021197005B0F0BD0C280040B0
:10638000E90300007F7F7F00401E010E01D0012045
:1063900070470749074A5060074803680B400321CC
:1063A000890759180160002090600721116070472B
:1063B000FFFFFF0010E000E020ED00E070477047B5
:1063C00070470000F0B53C22825C012A01D1022016
:1063D000F0BD02463C323F231B02CC689C430F2396
:1063E0009B028D689D4325434B681D4C1C402C43EC
:1063F0000B681C4D1D4025430B691B4C1C402C4356
:106400004B692343194C1C400B6B194D1D40254310
:10641000CB692B438C692404164D25401D4303682A
:10642000BE48834204D02C46002010705C64F0BD4E
:10643000114805400E46203651CEC96A36050F4F29
:1064400037402F4311256D06A843384301256D07BA
:10645000AC4304430C43002010705C64F0BDC046A4
:10646000FF87F0EFFF8FF0EFFF9FF0EFFFBFF0EF40
:10647000FFFFF0EF0000FFEFFFFF0FDC0000F0DC9C
:1064800070B53C22825C012A01D1022070BD024617
:106490003C32022353700068456883689F4CA042D9
:1064A00001D02E4604E00F263605B5434E682E4334
:1064B0007025AE430D68354345600125AE07B042F7
:1064C00004D0A04202D0964CA04204D18024A34321
:1064D00089681943816000201070557070BDC046F6
:1064E00070B5002828D005463C356978002905D1CB
:1064F00000212970044600F05FF8204602216970EF
:106500000268166801218C07A24205D0834B9A428B
:1065100002D0834B9A4211D170239E438368334348
:10652000244EB2420EDCA24215D07D4CA24212D0C3
:10653000524CA2420FD03AE0012070BD33461D4EAE
:10654000B242F0DD754CA24205D04B4CA24202D0C3
:10655000484CA2422BD103242402A34304691C43C8
:10656000C368D3624368936283696C4EB24205D0BC
:10657000414EB24202D03F4EB24201D14069106357
:1065800010680426064316605161802084431C4332
:1065900014602973A970E97029716971A971E97191
:1065A00029726972A972E9726970002070BD1C4677
:1065B000D6E7C046FF2B014010B586B000210591FB
:1065C00004910391029101910268294882421ADCE8
:1065D000012083079A421FD028498A4246D1C0032E
:1065E00027490A6802430A6009680140009100983F
:1065F0001324032100222046FEF79AFF2046FEF7CF
:106600008BFF06B010BD1B48824225D01A4882423B
:106610002CD10120800421E0194A131F1C68044377
:106620001C601B6803400093009B0C3A13680343F3
:1066300013601268024000920320059004910391B8
:10664000022002902020019000980520000701A957
:10665000FEF76CFA06B010BD0120400408490A6834
:1066600002430A60096801400091009806B010BD1D
:10667000FF43014000440140004801400020004029
:106680004010024010B53D21415C01291CD101465A
:106690003D3102220A70016801229007814205D033
:1066A0001E48814202D01E48814208D188681D4B95
:1066B00003400020062B06D01404A34203D0086830
:1066C00010430860002010BD012010BD10B53D2111
:1066D000415C01291FD101463D3102220A70016847
:1066E000C86801221043C8609007814205D00B485A
:1066F000814202D00A48814208D18868094B034090
:106700000020062B06D01404A34203D008681043CF
:106710000860002010BD012010BDC046002C0140C3
:10672000000400400700010070470000F0B583B08E
:1067300004460068C5680227294639404A424A4152
:106740000169029139404B424B41134313D16C49CB
:10675000FE310161012121778069800703D0204645
:10676000FFF7E2FF05E0204600F0CEF8204600F0FB
:10677000ECFA0020207701260422294611404842E5
:10678000484102994907314600D5014603200002DD
:106790000190002916D1009220685949FC3101610D
:1067A000277780690199084203D02046FFF7BCFF94
:1067B00005E0204600F0A8F8204600F0C6FA0020C8
:1067C0002077009A082729463940484248410299D3
:1067D0000907314600D50146002913D120684849F0
:1067E000F83101612277C069800703D02046FFF7A6
:1067F0009BFF05E0204600F087F8204600F0A5FA50
:106800000020207710212940484248410299C906BA
:10681000314600D50146002914D120683849F031AD
:1068200001612777C0690199084203D02046FFF72C
:106830007BFF05E0204600F067F8204600F085FA6F
:106840000020207701212940484248410299C90788
:10685000314600D00146002906D120682849FF3181
:106860000161204600F0DEFA80272F40784278410F
:106870004121C901029A0A42314600D0014600294D
:1068800005D120681F4901612046FFF798FD784235
:1068900078410299C905314600D50146002905D144
:1068A0002068174901612046FFF788FD40212940F3
:1068B0004842484102994906314600D5014600291F
:1068C00006D120680E49C0310161204600F0DCFA93
:1068D00020200540684268410299890603D4002EB1
:1068E00004D003B0F0BD0646002EFAD1206804495A
:1068F000E03101612046FFF763FD03B0F0BDC04603
:10690000FFFEFFFF7FDFFFFF70470000F0B582B0A2
:106910003C23C35C012B02D1022002B0F0BD034630
:106920003C330224E241052A00D9ABE07A441279D3
:106930005200974402744057248A0268106A156A0C
:106940000126B5431562A0438E68064350680C6863
:1069500001949569F94FBA4206D0F94CA24203D08E
:10696000F84CA24200D014E10C24A643CC680427C2
:10697000BC43F24F3443BA4200D00DE112E1026849
:10698000146AB6487330156A0540156257688D68F9
:1069900001950D680095566DE84DAA4206D0E84D68
:1069A000AA4203D0E74DAA4200D0A4E007404869BC
:1069B00005023D43A0E00268106A01242502166A20
:1069C000AE4316626402A0438C68270207435068F6
:1069D0000C680194D569D94CA24258D03E46A242D7
:1069E00061D166E00268156A01242003166A8643B5
:1069F000166250688E6801960E680096D769CF4E71
:106A0000B24206D0CE4EB24203D0CE4EB24200D0F9
:106A1000A4E0A603B0434E69B60106439FE00268B6
:106A2000106A146A1025AC4314622024A0438C68B9
:106A30002701074350680C6801949469F44DAA42F9
:106A400040D03E46AA4247D14CE00268156A012474
:106A50002005166A8643166250688E6801960E6895
:106A60000096576DEA4EB24206D0EA4EB24203D0CB
:106A7000E94EB24200D0CAE0A604B0434E69B60265
:106A80000643C5E001200021197002B0F0BD0326C5
:106A9000B602B743734CFF3CCE6836022640DC4C4E
:106AA0003E43A24205D0DB4CA24202D0DA4CA242C5
:106AB0003ED103242403A0434C698F6927433C0142
:106AC000044336E0C026B743CE6836014025AE43C6
:106AD000CF4D3E43AA4205D0CE4DAA4202D0CE4D64
:106AE000AA4267D10325AD02A8434D698F692F43A0
:106AF000BD0005435FE03D46104654305560574D9C
:106B0000ED1C2E40009D2E4356654D689565012570
:106B10006D04AC43019D2D0425431562546D082579
:106B200025435565546D0425AC43546509698AE0D5
:106B3000044610461C305460484C2540019C2543B7
:106B4000D5614C68D4631662D46908252543D561A4
:106B5000D4690425AC43D461096974E00646104643
:106B60001C3056603E4E3740009E36023E43D66192
:106B70004E6816646603B543019E36032E431662C3
:106B8000E502D6692E43D661A402D569A543D56135
:106B900057E03446BA4205D09E4EB24202D09E4ED5
:106BA000B2421ED103263602B0434E698F690643B6
:106BB0003E4317E00546104618305560284D2C40DE
:106BC000019D2D02254395614C6894631662012452
:106BD000E50296692E439661A4029569A5439561E5
:106BE0002FE006461046183056601C4E3540019E78
:106BF000354395614D6855631462946908252543B2
:106C0000956194690425AC43946109691BE00646CB
:106C1000104654305660104E3740009E36023E43B8
:106C200056654E68D6656605B543019E36052E430A
:106C30001662E502566D2E435665A402556DA543B6
:106C400055650969090202680A43026000200021B3
:106C5000197002B0F0BDC046FF8FFFFE8CFFFEFF33
:106C6000FF8CFFFEFFFBFFFF70B5002828D0054614
:106C70003C356978002905D100212970044600F0CF
:106C800063F82046022169700268166801218C07AA
:106C9000A24205D05E4B9A4202D0604B9A4211D17B
:106CA00070239E4383683343584EB2420EDCA242A7
:106CB00015D05A4CA24212D05F4CA2420FD03AE0FB
:106CC000012070BD3346514EB242F0DD504CA2421D
:106CD00005D0504CA24202D04F4CA2422BD10324EB
:106CE0002402A34304691C43C368D36243689362CC
:106CF0008369474EB24205D0464EB24202D0464E5C
:106D0000B24201D140691063106804260643166040
:106D10005161802084431C4314602973A970E97079
:106D200029716971A971E97129726972A972E9728F
:106D30006970002070BD1C46D6E7C046002C01409B
:106D4000004801400044014070477047B0B502461A
:106D50003E32002909D00C1F0223DC41042C0AD347
:106D60004325455D012D0BD014E01378012B11D183
:106D70000223137017E025463F35455D012D09D1EB
:106D8000032C0FD87C4424796400A744010905072B
:106D9000537008E00120B0BDD37004E0137102E02D
:106DA000937000E053711F221140012213468B4063
:106DB0000168086A98430862086A18430862134821
:106DC00081420FDD1248814205D0124B994202D018
:106DD000114B994215D1D3034C6C1C434C64814236
:106DE0000FD105E09007814202D00C48814208D1C2
:106DF00088680B4B03400020062B06D01404A342E6
:106E000003D00868104308600020B0BDFF2B01408C
:106E1000002C0140004801400044014000040040B3
:106E20000700010080B500680349884200D080BD9A
:106E300001F03EFF80BDC0460020004070B53C22FE
:106E4000825C012A01D1022070BD04463C3402223A
:106E5000627001252570064601F054FF002828467F
:106E600003D000212170657070BD3068C168402278
:106E70009143C16001218903C2688A43C260002036
:106E800000212170657070BD7047B0B58421415CF0
:106E9000012901D10220B0BD0146843124224A607B
:106EA0000268136814680125AC4314606C07A3439F
:106EB00013600022426610460A7020224A60B0BD6C
:106EC00070B58C23C358202B10D10123002918D072
:106ED000002A16D001252B0384689C4208D1CB07D9
:106EE00006D00369002B03D1284670BD022070BD77
:106EF000C56600260667044602F08EFD034600289C
:106F000001D0184670BDE06E01282B46F9D12068EB
:106F100010210162EFF31080012282F310882268B1
:106F200013680B43136080F310883346184670BD16
:106F300080B50268814B9A4200D080BDFBF7D2FD3C
:106F400080BDC04670470000F0B583B00546683587
:106F50002A7F012A02D1022003B0F0BD06468836FE
:106F60002422326007683A6802923A680124A243F8
:106F70003A6007225206BB6893430B43BB60406EE6
:106F80000028204615D0B8680190B868400F2E49F7
:106F9000095C2E4A105CC000F9F77FFC044601989A
:106FA0000001400F2849095C284A105CC000F9F72D
:106FB00074FC28806C80029838600020287720219B
:106FC000316003B0F0BDC046F0B583B0054668350A
:106FD0002A7F012A02D1022003B0F0BD064688367E
:106FE0002422326007683A6802923A680124A24378
:106FF0003A6007225207BB6893430B43BB60406E65
:107000000028204615D0B8680190B868400F0E4996
:10701000095C0E4A105CC000F9F73FFC0446019879
:107020000001400F0849095C084A105CC000F9F7EC
:1070300034FC28806C80029838600020287720215A
:10704000316003B0F0BDC04698AB000890AB0008BB
:10705000704770477047000070B5EFF31082012150
:1070600081F3108809235B01046825689D4325602E
:1070700082F31088EFF3108281F3108803689C6814
:10708000254D25409D6082F31088C26E012A0AD1E9
:10709000EFF3108281F3108803681C681025AC435D
:1070A0001C6082F3108802465E3204468034036816
:1070B0009D686D0604D4002111800F221A6222E01F
:1070C000EFF3108381F3108801688D684026B54383
:1070D0008D6083F31088216800290BD00F488863E6
:1070E0000846FDF761FB002813D02068816B8847B4
:1070F000002070BD0021118002680F231362936984
:1071000008251D4395612022E2608165C166FFF775
:10711000A1FF002070BDC046FEFFFFEF0F920008E8
:1071200080B50168054A914205D0054A914204D1D3
:10713000FBF70EF880BDFBF7C9FC80BD00440040A2
:1071400000380140F0B589B00368DF6920250121CE
:107150000691CE0232462F323A4019680890044612
:10716000803405939B68202A0495079710D1084620
:107170002840012212071A4080181F4616D008988E
:10718000416F002900D158E10898884709B0F0BD47
:1071900030460F3007421F4608D0CF480840069AB5
:1071A0001207551C3D40281800D091E0039410268A
:1071B0000846304042424241079D28463040444202
:1071C000444114430898C06E401E421E9041204323
:1071D00037D001240126B2053A4050425041EA021C
:1071E0002246059B00D50246002A00D1A6E02806CB
:1071F00006D580200840F2051740C01900D0BDE137
:1072000040230A461A40504250416A06224600D5A1
:107210000246002A00D14AE1B2070A4050425041DA
:107220002A02224600D50246002A00D1B1E10029F7
:1072300000DAB3E1E80100D5B4E1002C00D0FCE0B5
:10724000B4E1089C5C34059806628068400600D56D
:107250007BE0618822886088002800D1EDE08A42C6
:1072600000D1EAE0EFF310800790012383F3108848
:10727000092045010898374606683468AC433460F5
:10728000079C84F31088EFF31084079483F310882D
:107290000568AE68C84C3440AC60079C84F3108825
:1072A000049C039DEC6000244467C466EFF31084E3
:1072B00083F3108803681D68BD431D6084F3108844
:1072C00002230367511A89B2FFF732FE09B0F0BDFD
:1072D000009203940798069B1840424242411802CC
:1072E00001910840444244411443059B05D10120CB
:1072F0001862039C22690243226101203C460290ED
:1073000004406042604107998A07069A00D5024608
:10731000002A06D1022018620398016904220A4358
:1073200002616042604107994A07069A5ED4002ACA
:10733000039C5FD00798000765D46EE030051862A3
:107340000898FFF786FE09B0F0BD22880398006810
:107350000068436899B2002900D19CE0914200D3B3
:1073600099E063800068800635D4EFF31082012134
:1073700081F31088924B20330898056837462E68B1
:107380001E402E6082F31088EFF3108281F3108884
:1073900003689D688D439D6082F31088EFF310822F
:1073A00081F3108803689D684026B5439D6082F391
:1073B0001088039B049ADA600022C266EFF3108201
:1073C00081F3108800680168B943016082F3108876
:1073D0001868FDF7B1F902210898016721886288D1
:1073E000891A89B2FFF7A4FD09B0F0BD0246002A50
:1073F000039C9FD10420186220690222024322616B
:107400000798000709D50198049A1040054304D055
:1074100008201862226902432261029882060199BB
:107420000A4050425041079A324208D1069800283B
:10743000049A09D0206900280DD109B0F0BD06904A
:1074400006980028049AF5D11E6220691043206135
:1074500020690028F1D0079810400DD01140009805
:1074600007400F4308D00898416F002904D0089CBA
:10747000204688472368039C206928220240986898
:1074800040210840801829D10898FFF749FE0020C4
:10749000206109B0F0BD8A42CFD100688006CCD50A
:1074A000022208980267FFF743FD09B0F0BDEFF331
:1074B000108186F310880898026814689C43146051
:1074C00081F31088002181670399049A8A6000F093
:1074D0001DFA09B0F0BDC04620010004EFF3108092
:1074E000029E86F3108809225201089B1C682568B9
:1074F0009543256080F31088EFF3108086F31088A1
:107500001A6894682C4D2540956080F31088D86ED9
:1075100001280CD1EFF31082029880F310880898AC
:10752000006803681024A343036082F31088039C5F
:107530000498E0600020089AD06650671068806860
:10754000400621D5EFF31082029880F31088089846
:10755000006883688B43836082F310882168002968
:1075600012D0164888630846FDF71EF9002800D19E
:1075700063E72068816B884709B0F0BD0898816F88
:10758000002900D000E658E70898FFF7C9FD09B0C8
:10759000F0BD0898FFF75CFD09B0F0BD0026E801DA
:1075A00000D44AE63446002C00D046E70898FFF79E
:1075B000C9FC09B0F0BDC046FEFFFFEF39900008DE
:1075C000DFFEFFFFB0B500281ED004460546843517
:1075D0006868002804D100202870204600F02AF8AE
:1075E00024206860206801680125A9430160A06A21
:1075F000002802D0204601F04DFC204602F04AF956
:10760000002803D02846B0BD0120B0BD0920C0022B
:1076100021684A6882434A6088682A2290438860C9
:107620000868012202430A60204601F09DFC0546DD
:107630002846B0BDF0B58FB000260E960D960C967C
:107640000B960A960996089607960696059604964E
:107650000396029600900068B349884261D0B3490E
:1076600088425CD10124029402A8FEF7DBF80028CE
:1076700001D0FBF7A8FFA0034F49CA680243CA60C4
:10768000CA680240019201980868204308600868AF
:107690002040019004200E900D960C9602200B9035
:1076A00003200A900198052000070AA9FDF73EFA79
:1076B000454D802710203321414C2C6069602946BC
:1076C0000831C1C16E61AE61EE612E622846FDF7E0
:1076D00019F9002801D0FBF776FF0098A862C5676A
:1076E0003A4D32202E6214342C606860AE60EE6039
:1076F0002F616E61AE61EE612846FDF703F91B262E
:10770000002801D0FBF75FFF0098C551A862032154
:1077100000223046FDF70CFF3046FDF7FDFE0FB0AE
:10772000F0BD2548826801210E914B041A43826006
:1077300082681A400192019A02680A430260006856
:10774000084001900D960C9602200B900C200A9098
:107750000198052000070AA9FDF7E8F9174D8027D1
:107760003420174C2146283129606860AE60EE60F5
:107770002F616E61AE61EE612E622846FDF7C2F8A0
:10778000002801D0FBF71FFF0098C551A8620D4DDE
:10779000102035212E623C342C6069602946083166
:1077A000C1C16E61AE61EE612846FDF7ABF81C26E3
:1077B0007C270028A6D1A7E734100240E802002069
:1077C00008000240440300208C0200203002002008
:1077D000F0B581B08C23C358202B12D1012400298D
:1077E0000CD0002A0AD001231C038568A5420CD1C5
:1077F000CC070AD00469002C07D11C46204601B0F2
:10780000F0BD0224204601B0F0BD0024C466056826
:107810006D682D020AD5EFF3108583F310889B065F
:10782000066837681F43376085F3108802F04AF90D
:10783000204601B0F0BD000080B501683B4A91428E
:1078400000D080BDFAF796FC80BDC04670470000AE
:10785000F0B581B0134688228258202A12D1012423
:1078600000290CD0002B0AD00126320384689442F0
:107870000CD1CA070AD00269002A07D13446204633
:1078800001B0F0BD0224204601B0F0BD02465432E2
:107890000746883753800024BC601380016521228D
:1078A0003A60C56F002D18D0174AEA62154A2A635C
:1078B000134A6A63AC630268283200902846FDF7D9
:1078C000A1F801460098002907D01020B8602020B8
:1078D00038603446204601B0F0BD016840220A629B
:1078E000EFF31081012282F3108800688268802300
:1078F0001343836081F31088204601B0F0BDC04679
:10790000499000087F9200083592000880B5016810
:10791000054A914205D0054A914204D1FAF73EFD4D
:1079200080BDFBF7F1F880BD004400400038014005
:1079300070470000B0B500281BD020210446F8F79E
:107940001BFC002819D0002101701022054620469A
:10795000F8F712FD84B2681CF8F746FD05B2204620
:107960002946FBF709FA07A02946224602F0C6FA83
:10797000B0BD0EA002F0C2FAB0BD0B4802F0BEFAD4
:10798000B0BDC046456E66696C65697261646F2002
:1079900028696E7431362920256420656D20307881
:1079A00025303458000000004EB6000855736F3A79
:1079B000204457494E20494E54203C616464725F14
:1079C0006865783E203C76616C6F723E0000000076
:1079D000B0B500281BD020210446F8F7CDFB0028C5
:1079E00019D000210170102205462046F8F7C4FC8A
:1079F00084B2681CF8F705FD054620462946FBF7CA
:107A000029FA07A02946224602F078FAB0BD0EA056
:107A100002F074FAB0BD0B4802F070FAB0BDC04677
:107A2000456E66696C65697261646F2028696E7461
:107A300033322920256C6420656D20307825303460
:107A4000580000004EB6000855736F3A204457495D
:107A50004E20494E543332203C616464725F686545
:107A6000783E203C76616C6F723E000080B5002845
:107A700008D0F8F7B9FC80B2FBF70AF908A002F0C9
:107A80003DFA80BD01A002F039FA80BD55736F3A0E
:107A9000204457494E20504943203C69643E000031
:107AA000436F6D616E646F204457494E20504943C7
:107AB00020656E66696C65697261646F2E000000F6
:107AC000F0B591B000285CD00446007800285DD065
:107AD0000546F8F70DFB014628460D6800212A5C93
:107AE000D2070DD0641C20782A5CD20706D06078BB
:107AF0002A5CD207A41C002AF5D1641E002855D0A8
:107B00006778002F48D0EA5DD20745D10091F8F799
:107B1000FCFA0646C0B201463039092901D8303E88
:107B200005E04138052801D8373E00E0FF263846F9
:107B3000F8F7EBFAC1B20A46303A0A2A04D2D02149
:107B4000F2B2FF2A07D12CE04139052929D8C921F1
:107B5000F2B2FF2A25D00818C1B2FF2921D0A41CF7
:107B60003101084301A9009A8854561C2078002846
:107B700002D03F2A3146B2D31848314602F0BEF94E
:107B80001AE02EA002F0BAF911B0F0BD1348002699
:107B9000314602F0B3F919E01EA002F0AFF911B0BE
:107BA000F0BD11A002F0AAF911B0F0BD0B480E46CD
:107BB00002F0A4F9002E0FD001AD09A437462978B0
:107BC000204602F09BF96D1C7F1EF8D1B1B201A8CE
:107BD000FBF7BCF911B0F0BD0026F7E764B600086A
:107BE00020253032580000000A4572726F3A204357
:107BF000617261637465726520696E76616C696437
:107C00006F206E6120737472696E67206865782ECC
:107C1000000000000A4572726F3A204E756D657261
:107C20006F20696D706172206465206361726163A9
:107C30007465726573206865782E000055736F3A1D
:107C4000204457494E20524157203C627974655F69
:107C50006865783E202E2E2E00000000FEE7000012
:107C6000F0B585B00E460446403004902068816926
:107C7000C90606D400210F4601258269D30543D4E5
:107C800046E01021C1618169890635D4711C30D06C
:107C900015460120002E6AD186030390C703FDF725
:107CA0001BF8206842680499897883693B4209D0AF
:107CB000324007D1202905D0416831434160FDF7AA
:107CC0000BF8054620688169890605D4FDF704F89C
:107CD000401B1A28F6D375E081698906DFD50BE0D1
:107CE0008169890608D48169890605D48169890674
:107CF00002D481698906F3D52021C16101270421BD
:107D000001258269D30503D52B02C36129432F4680
:107D10006B02560506D41A420AD1002F0BD100205F
:107D200005B0F0BDAD02C561082529431A4202D055
:107D3000C361022211438269920701D50022826247
:107D40008269D20703D182690123134383614268A8
:107D5000214B13404360606C084360642020049909
:107D60004870002008708870012005B0F0BD8103C4
:107D700002910390C0030190019F02E0816989068E
:107D8000BAD4FCF7A9FF411B2068B142F6D942687A
:107D90000499897883693B420BD0029B1A4008D131
:107DA000202906D04168029A11434160FCF794FFF4
:107DB0000546206881698906E0D4FCF78DFF401BE9
:107DC0001A28F6D3206881692421039F012582693E
:107DD000D30599D49CE7C04600E800FEF0B585B015
:107DE0000D460446006880690840401A41424141FE
:107DF000002604928A4223D11F460A9A581C0392F5
:107E00002BD0002F029433D1002620463146FFF7B5
:107E100027FF002828D1FCF75FFF206881692940EF
:107E2000491B4A424A4104999142039A44D08069CD
:107E30002840401B4142414104988842029CE3D0C3
:107E4000304605B0F0BD206880692840401B4142A3
:107E5000414104988842039AF2D10026F14320461A
:107E6000FFF7FEFE0028EED00126304605B0F0BD3B
:107E7000019507E080692840401B41424141049838
:107E80008842DDD13446029E304639461546FFF71A
:107E9000E7FE0028E8D1FCF71FFF411B3068B9421C
:107EA0002A462646019DE5D981692940491B4B4256
:107EB0004B4104999942DDD1029B18464030596CE0
:107EC0002022114359644270002101708170012603
:107ED000304605B0F0BDF0B581B005460068806958
:107EE0000024800622D416460F46002903D129E03B
:107EF000806980061AD4284639463246FFF7B0FE1C
:107F0000002827D1FCF7E8FE811B2868B942EFD989
:107F100081698906ECD428464030696C20221143DF
:107F2000696442700021017081700124204601B013
:107F3000F0BDFCF7D1FE286881698906EBD5806920
:107F40008006F3D40024284621463246FFF788FEF7
:107F50000028EED00124204601B0F0BDF0B581B07C
:107F60000546006880690024800716D416460F462F
:107F7000481C19D0002F26D100242846214632461D
:107F8000FFF76EFE002838D1FCF7A6FE286881694D
:107F9000890728D580698007EED5204601B0F0BD5D
:107FA000286880698007F8D40024E14328463246D7
:107FB000FFF756FE0028F3D00124204601B0F0BDA3
:107FC00080698007E9D4284639463246FFF748FEE3
:107FD000002812D1FCF780FE811B2868B942EFD936
:107FE00081698907ECD428464030696C202211430E
:107FF000696442700021017081700124204601B043
:10800000F0BD000070B582B00EA002F049FC5F4EDA
:108010000120307001AC002525702046FBF714FBD1
:1080200064577470FBF71CFB844201DA757800E03A
:10803000757068B2F9F7A4FE2420FAF729FE02B0A1
:1080400070BDC046436F6E74726F6C6C65723A207F
:10805000456E7472616E646F206E612074656C6130
:108060002064652073656C6563616F2064652067BB
:1080700072616F732E0D000010B5044624A002F04B
:108080000FFC2FA0214601F039FFFBF7E9FA002889
:108090003CD0611E052936D87944097949008F44BE
:1080A00002170F3232230120384C2156384801F094
:1080B00025FF6078FBF7F2FB00281CD136481BE057
:1080C00032494A78521E53B2002B08D5421E06E0B0
:1080D0002E494A78521C53B2834200DB00224A7078
:1080E00050B2F9F74DFE0EE01EA002F0D9FB274872
:1080F0000021017004E0274802F0D2FB002020702C
:108100000820FAF7C5FD254802F0CAFB10BDC0469D
:108110000D0A3E3E2046756E63616F204C696461B6
:10812000725F436F6D5F53656C6563616F5F44653C
:108130005F4772616F206368616D6164612E0D003D
:108140002020205465636C612072656365626964F8
:108150006120646F204457494E3A203078253032F0
:10816000580D0A00436F6E74726F6C6C65723A2022
:1081700053656C6563616F206465206772616F2071
:1081800063616E63656C6164612E0D00880100207F
:10819000E7B70008B5B800088AB80008EAB80008D0
:1081A000B0B584B03C221848002181542C2281545F
:1081B00020228154C16407220163426341628162CB
:1081C0000124C461817601830422104BE50728C095
:1081D000016041608560C26003910291019108389D
:1081E000FBF7B0FE002801D0FBF7EDF90294084838
:1081F0000190054801A9FBF745FD002801D0FBF7D8
:10820000E2F904B0B0BDC046A8010020002401403E
:10821000000200A480B508480121016200214161EB
:108220008161818005490160FCF730FA002801D0A6
:10823000FBF7C9F980BDC0460C02002000300240A7
:1082400070B582B0134801680122114301600068D3
:10825000104001900198092603240025304621464C
:108260002A46FDF765F93046FDF756F90A263046ED
:1082700021462A46FDF75CF93046FDF74DF90B26FD
:10828000304621462A46FDF753F93046FDF744F9BA
:1082900002B070BD38100240F0B58BB000240A94D3
:1082A0000994089407940694C6480168042211436F
:1082B000016001681140059105990168202203922F
:1082C000114301600168114005910599016801257C
:1082D000294301600168294005910599016802223E
:1082E0001143016001681140059105990168082258
:1082F00011430160006810400590059805200007B3
:108300000490402631462246FCF7DDFC212007017F
:108310002F4839462246FCF7D6FC2E48072101910A
:108320002246FCF7D0FCE448602102912246FCF78B
:10833000CAFC099408940795069606AE049831463F
:10834000FCF7F4FB0994089407950697204F3846EC
:108350003146FCF7EBFB08941F4807900398069002
:1083600038463146FCF7E2FB099408940795019FD3
:10837000069718483146FCF7D9FB08940794A802E1
:10838000069004983146FCF7D1FB08940794280224
:1083900006900F483146FCF7C9FB099408940795ED
:1083A00002980690C4483146FCF7C0FB0894079435
:1083B0001820069007483146FCF7B8FB03213846E1
:1083C0002246FDF7B5F83846FDF7A6F80BB0F0BD2C
:1083D00000080050000400500000211010B51248A1
:1083E00000210122114B124C046043608160C26085
:1083F000016141618161C1610162FCF7B5FC002846
:1084000001D0FBF7E0F808480021FCF76BFC0028DE
:1084100001D0FBF7D8F804480021FCF784FC0028C1
:1084200001D0FBF7D0F810BDA0030020885D8010BC
:1084300000540040B0B586B01A4800240462FF2101
:108440007F22194B0125AD0718C00260416084608E
:10845000C460046145610394029401940094083857
:10846000FDF79AFD002801D0FBF7ADF801A98C704B
:108470000C800594049402940A482246FDF7CAFE33
:10848000002801D0FBF79FF808480090054869468E
:108490000022FDF71BFE002801D0FBF794F806B080
:1084A000B0BDC046D40600200028004001010100F4
:1084B00010B5094800218161084A2F23084C046047
:1084C00043608160C2600161FEF70AF8002801D0B4
:1084D000FBF779F810BDC046FC060020E70300005A
:1084E00000200040F0B59BB001A83421F7F72CFE26
:1084F000334800246C496E4E066044608460C1605D
:10850000046144618461FDF7EBFF002801D0FBF7B3
:108510005AF82B48FEF7A8FB002801D0FBF753F8C8
:108520000F9460200E90109411941294139414944C
:1085300023480EA92246FEF7E9F9002801D0FBF7EF
:1085400042F8059404940394029401940D940794C2
:108550000127780306901A4D01A92846FDF732FF3E
:10856000002801D0FBF72FF81A9419941894179447
:10857000169428684D4988420BD0B0421DD14D4811
:108580000168082211430160006810401590159899
:1085900009E0484801680822114301600068104062
:1085A00015901598022702201A9019941894179084
:1085B0001697414816A9FCF7B9FA1BB0F0BDC046A2
:1085C0004807002034100240F0B59BB001A83421C8
:1085D000F7F7BAFD334800243349344E066044604F
:1085E0008460C160046144618461FDF779FF002803
:1085F00001D0FAF7E8FF2B48FEF736FB002801D040
:10860000FAF7E1FF0F9460200E90109411941294E9
:108610001394149423480EA92246FEF777F90028F4
:1086200001D0FAF7D0FF05940494039402940194C6
:108630000D9407940127780306901A4D01A9284646
:10864000FDF7C0FE002801D0FAF7BDFF1A94199477
:108650001894179416942868B0420CD01449884294
:108660001DD11448016808221143016000681040C0
:108670001590159809E00F48016808221143016020
:108680000068104015901598022702201A9019943E
:10869000189417901697084816A9FCF747FA1BB0CC
:1086A000F0BDC04694070020FFFF000000480140D5
:1086B0000044014034100240000C005010B588B056
:1086C000174800248461E1430122920714C004602A
:1086D0004160846006940294019400940838FDF788
:1086E000FFFE002801D0FAF76EFF07940594502092
:1086F0000490072003900A4803A9FEF79FFB002877
:1087000001D0FAF760FF0294009405486946FDF72E
:10871000B7FE002801D0FAF756FF08B010BDC046DA
:10872000E007002010B5174800210C22164B01620B
:1087300041628162E124640218C00160416081608D
:10874000C260016141610838FEF73CFF002801D09A
:10875000FAF739FF0B480021FEF736FC002801D05C
:10876000FAF731FF07480021FEF7EEFB002801D0A1
:10877000FAF729FF0348FEF788FB002801D0FAF733
:1087800022FF10BD2C0800200038014010B517480A
:1087900000210C22164B016241628162E1246402D5
:1087A00018C0016041608160C260016141610838A8
:1087B000FEF708FF002801D0FAF705FF0B4800215B
:1087C000FEF702FC002801D0FAF7FDFE0748002161
:1087D000FEF7BAFB002801D0FAF7F5FE0348FEF7D2
:1087E00054FB002801D0FAF7EEFE10BDC0080020AF
:1087F0000044004080B50A480021418102224272B3
:10880000C27108220271074A02608181C18101742C
:10881000FCF7BCFE002801D0FAF7D5FE80BDC046AB
:10882000F4030020005C0040FEE780B50146012013
:10883000002906D00A68002A03D049681046FEF7CE
:1088400085FA80BDF0B581B0002833D004460768B2
:10885000002F2FD000250E4608462946F7F7A0FF27
:10886000002800D13546144E28463146F7F7B4FFAC
:108870000028304600D128463146F7F765FE054608
:1088800026896089801B80B2F7F7BFFF0146284622
:10889000F7F71DFEF7F7D4FF301880B262680221A7
:1088A000CA413968042A03D8920004A39A5800E008
:1088B0005C22885001B0F0BD000034433400000059
:1088C000380000003C00000040000000580000009C
:1088D00070470000F0B58DB0284C206000250C9545
:1088E0000B950A9509950895079508A92A46FDF75D
:1088F00027FB206807AE31462A46FDF7FDFAF078DF
:10890000192835D0029502AEB570358006950595CB
:10891000049503951A480190206831462A46FDF7D0
:1089200079FC206801AF39462A46FDF7CFFB327843
:108930007378B0780090254608351249284601F032
:1089400009FBBA787B78F878009011340E492046FC
:1089500001F000FB012046030827304629463A462D
:10896000FAF784FB1036304621463A46FAF77EFB8A
:1089700006A001F095FF0DB0F0BDC046D400002068
:108980000309081902AD0008F3AC00085254432053
:1089900044726976657220696E696369616C697A8F
:1089A00061646F2E0D000000F0B587B0FCF794F9FC
:1089B000334C6168411AC9087D2940D36060FAF7D9
:1089C00063F8082803D0312801D0192837D1FAF7E5
:1089D000D3F8002833D10025069505950495039515
:1089E00002950195206802AF39462A46FDF7A8FA9C
:1089F000206801AE31462A46FDF77EFA3A787B7848
:108A0000B8780090254608350E49284601F0A2FAAC
:108A1000B2787378F078009011340B49204601F059
:108A200099FA012046030827304629463A46FAF7C4
:108A30001DFB1036304621463A46FAF717FB07B0C1
:108A4000F0BDC04602AD0008F3AC0008B0B586B07A
:108A50000024019401AB9A70597018700594049425
:108A600003940294064D286819462246FDF7D2FB6E
:108A7000002801D006B0B0BD6C6006B0B0BDC046E5
:108A8000D4000020F0B583B00290244F38688021D4
:108A9000884338607D20C400F86880061AD438689E
:108AA000202188433860FCF717F90646386800250E
:108AB00080060CD4FCF710F9801BA042F6D9386868
:108AC000800604D42520032502990D540D54284610
:108AD00003B0F0BD20200190C043F9680140F96067
:108AE000396801403960FCF7F7F806463868002518
:108AF00080060CD4FCF7F0F8801BA042F6D9386849
:108B0000800604D42520032502990D540D54F868DD
:108B100001990843F860284603B0F0BD0C280040D6
:108B200080B588B0082925D30830083989B204AA4D
:108B30001023FAF74BFB002813D001A8009004A8DB
:108B40001DA103AA02ABF7F753FB03280ED101A81E
:108B5000027802A8017803A80078FFF777FF27487A
:108B600005E005A001F09CFE08B080BD15A004A999
:108B700001F0C4F908B080BD5254432044726976B4
:108B800065723A2046616C686120616F2065787477
:108B90007261697220737472696E672064652074F3
:108BA000656D706F202870617273657220726F62DC
:108BB0007573746F292E0D0025643A25643A256477
:108BC00000000000525443204472697665723A20D6
:108BD00046616C686120616F20636F6E76657274A8
:108BE0006572206120737472696E67204457494E24
:108BF00020272573272E0D0A000000001EB900084B
:108C000080B5054A5060916001208202034800212E
:108C10000B460020C04380BD7C01002000000020E6
:108C20007047000010B51E4C201DFFF7FEFD2046CA
:108C30001030FFF7FAFDFF20207010BD70B572B63E
:108C4000254D286862B6164C2178FF2906D00028E9
:108C500004D12078042811D1FF20207069680029F0
:108C600000D0114920461030FFF7ECFDA96800291B
:108C700000D00E49201DFFF7E5FD70BD0001094938
:108C80000818007B207000010E187068002800D0C2
:108C90008047B068286069680029E2D1E2E7C046F1
:108CA00010000020F8AB0008000096420000B4421B
:108CB00009480168002902D00168491E0160416825
:108CC000002902D04168491E41608168002902D014
:108CD0008168491E816070479801002080B5FCF7CB
:108CE000BBFB80BD0120C006014908607047C0463B
:108CF00008ED00E080B50248FDF718FD80BDC046D4
:108D0000FC06002070B518C92E4D254002689068F9
:108D10002D4E06402E431E4396600420C441083960
:108D2000072C0CD80020C0467C4424796400A7445A
:108D3000030303030415270870BD052B34D101205C
:108D400070BDFF231B0294689C438B68CD68096942
:108D50001D43090229432143916070BD136A146ABF
:108D60000125AC4314629469F025AC430D692D01D3
:108D7000254395610A24A34389681943116270BD94
:108D8000136A146A1025AC4314620F2424039569F6
:108D9000A5430C6924032C439461A024A343896850
:108DA00009011943116270BD136A146A0125AC43AD
:108DB00014629469F025AC4309690901214391616A
:108DC000136270BDF8FFFEFF88FFCEFFF0B583B0E1
:108DD000072002900020019026480090264869460E
:108DE000FAF750FF01462548002901D003B0F0BD35
:108DF00006462148FBF76AFA002802D0304603B045
:108E0000F0BD1D486421FBF7EDF9002805D01A4894
:108E1000FBF78CFA304603B0F0BD174D2846FBF740
:108E20008DF804462846FBF781FA002C3046DDD049
:108E300013480088F7F7E9FC124D2946F7F747FB7E
:108E4000114F3946F7F780FB06462046F7F7DDFC61
:108E50002946F7F73CFB3946F7F776FB3146F7F73B
:108E60002EFB0A49F7F770FB0949F7F7D7FA03B069
:108E7000F0BDC046000200A4A8010020008088C305
:108E80006875FF1F0000404000F07F45A306D33AFD
:108E900000007041B0B5816A0A070CD4CA0714D12A
:108EA0008A071CD44A0724D4CA062CD48A0634D490
:108EB0004A063CD44CE00122D20303685C68944328
:108EC000826B22435A60CA07EAD001225204036827
:108ED0005C689443C26A22435A608A07E2D5012241
:108EE000120403685C689443026B22435A604A0789
:108EF000DAD50122920403685C689443426B2243F2
:108F00005A60CA06D2D50122120303689C689443B2
:108F1000C26B22439A608A06CAD5012252030368B3
:108F20009C689443026C22439A604A0610D5012241
:108F30001305026854689C43456C2C4354609D4261
:108F400006D103235B0554689C43836C2343536021
:108F5000090607D50121C904026853688B43C06C18
:108F600018435060B0BD0000F0B583B0044606461B
:108F700084360025F560FBF7AFFE034620680168E4
:108F8000090721D502952B4800900125690500228B
:108F900020461F4600F034FE002812D0EFF3108068
:108FA00085F3108821680A6880239A430A6080F359
:108FB0001088032020228821029D6250357003B062
:108FC000F0BD20683B46029D0068400726D5194841
:108FD00000900127B9050022204600F011FE00286C
:108FE0001CD0EFF3108087F3108809214901226813
:108FF00013688B43136080F31088EFF3108087F3BE
:10900000108821688A68BA438A6080F31088032038
:1090100020228C216250357003B0F0BD202070609A
:10902000B060E56670212A4628466250357003B06C
:10903000F0BDC046FFFFFF0180B5806A5E210022BF
:109040004252FEF76DF880BDF0B581B0806A88218C
:109050004558014688314F68024656320468A66872
:10906000360621D5212D1FD100241480EFF3108363
:109070000093012585F3108806683C463768C023B5
:109080009F4337602746009B83F31088EFF31083DC
:1090900085F31088EC050568AE68A643AE6083F3DF
:1090A000108820230B600468A3685B062DD5222F4F
:1090B0002BD100231381EFF31084012282F3108857
:1090C00009256D0106683768AF43376084F310885F
:1090D000EFF3108482F310880568AE680F4F3740B5
:1090E000AF6084F31088C46E012C0AD1EFF31084B2
:1090F00082F31088026815681026B543156084F362
:10910000108820224A604367C3668A68102313438D
:109110008B60FEF705F801B0F0BDC046FEFFFFEF23
:10912000F0B581B00146806A02465C320B681B686C
:109130009B0638D404468C3400235380EFF310830D
:109140000093012383F310881E0207683D68B5432E
:109150003D60009D85F31088EFF3108583F3108840
:109160000668B7689F43B76085F31088EFF31085F2
:10917000009583F310880668B7684025AF43B76051
:10918000009D85F3108820252560C46E012C0AD12E
:10919000EFF3108483F3108803681D681026B5432D
:1091A0001D6084F3108800230367C46E012C0ED168
:1091B00053801388096849688CB29C4200D2518060
:1091C0005188591A89B2FDF7B3FE01B0F0BDFEF720
:1091D00033FB01B0F0BD10B50146806A0122026781
:1091E000C26E012A10D102465C3213885C0854809A
:1091F000096849688CB29C4200D851805188591A3C
:1092000089B2FDF795FE10BDFEF720FB10BD10B52D
:10921000806A5E210022425201680F230B628B6933
:1092200008241C438C618C2120234350C266FDF727
:1092300011FF10BDB0B50146806A0968096889064A
:109240001AD4562100224252EFF31081012282F3F8
:10925000108803689C688025AC439C6081F310886B
:10926000EFF3108182F310880068026840231343F3
:10927000036081F31088B0BDFEF748FBB0BD80B538
:10928000806AFEF755FB80BDF0B581B08C21415856
:109290000268222910D101465C318B88526A1A403B
:1092A000836D1A804A88521E4A809A1C82654A88B9
:1092B000002A07D001B0F0BD9069082101439161F7
:1092C00001B0F0BD03468C33EFF31084012282F32A
:1092D000108809256D0106683768AF43376084F34D
:1092E0001088EFF3108482F310880568AE68964307
:1092F000AE6084F3108820241C600023036743675A
:109300000468646824020AD5EFF3108482F310889D
:10931000950606683768AF43376084F31088C46EDB
:10932000012C15D1C366EFF3108382F31088046813
:10933000256810229543256083F310880368DC6953
:10934000E40600D51A620988FDF7F2FD01B0F0BD10
:10935000FEF772FA01B0F0BDF0B583B004460268C2
:10936000D569116890688C23E358222B64D1264676
:109370005C3601220192B289002A00D10AE1274617
:109380008C37B2880292019A1040C9055AD400283D
:1093900022D103E07088002800D1B6E0A80600D4EE
:1093A000F8E02068416A029A1140A26D118071882C
:1093B000491E7180911CA165C5696807EAD078686B
:1093C0000028E7D02046FDF7ABFE00207860E1E7FB
:1093D0007088002800D198E0A80600D4DAE0206860
:1093E000416A029A1140A26D11807188491E7180F4
:1093F000911CA165C5696907EAD0AA0705D40029AF
:109400000BD47868002811D1E2E7022202627A6860
:10941000042313437B600029F3D50421016278689B
:1094200002210143796078680028D1D02046FDF7F9
:1094300077FE00207860CBE79069082101439161B5
:1094400003B0F0BD002827D102E0708800285CD06E
:10945000A80600D49EE02068416A029A1140A26DDD
:1094600011807188491E7180911CA165C5696907C9
:10947000EBD0E90704D0019901627868084378606D
:1094800078680028E1D02046FDF74AFE0020786089
:10949000DBE77088002838D0A80600D47AE020687E
:1094A000416A029A1140A26D11807188491E718033
:1094B000911CA165C5696907EBD0EA0707D1AA0726
:1094C0000CD4002912D47868002818D1E1E7019B58
:1094D00003627A681A437A60AA07F2D5022202620E
:1094E0007A68042313437B600029ECD504210162D0
:1094F000786802210143796078680028C9D0204645
:10950000FDF70EFE00207860C3E7EFF31080019DA9
:1095100085F310882902226813688B43136080F357
:109520001088EFF3108085F3108821688A68D84B83
:1095300013408B6080F31088202038600020206763
:1095400060672168496809020BD5EFF31081019A21
:1095500082F31088920623681D6895431D6081F38D
:109560001088E16E012937D1E066EFF31081019890
:1095700080F310882268136810208343136081F3FE
:1095800010882168CA69D20600D508623188204651
:10959000FDF7CEFC7088002824D0B189884221D202
:1095A000EFF31080019D85F31088B949491C2268AA
:1095B00093680B40936080F310880B486067EFF36B
:1095C000108085F3108821680A68202313430B60FC
:1095D00080F3108803B0F0BD2046FEF72DF97088A7
:1095E0000028DAD103B0F0BD89920008F0B581B04F
:1095F0008C2141580268222911D101465C318B88A7
:10960000526A1A40836D1A704A88521E4A80826DCF
:10961000521C82654A88002A07D001B0F0BD9069CB
:1096200008210143916101B0F0BD03468C33EFF393
:109630001084012282F3108809256D0106683768BD
:10964000AF43376084F31088EFF3108482F31088FF
:109650000568AE689643AE6084F3108820241C60D1
:109660000023036743670468646824020AD5EFF3A4
:10967000108482F31088950606683768AF43376018
:1096800084F31088C46E012C15D1C366EFF31083E8
:1096900082F310880468256810229543256083F3BF
:1096A00010880368DC69E40600D51A620988FDF7B2
:1096B0003FFC01B0F0BDFEF7BFF801B0F0BD000007
:1096C000F0B585B004460068C569016801918768F6
:1096D0008C216158222964D122465C32908900286D
:1096E00000D1A9E026468C369088029001200740E0
:1096F00004900002019901400191039202E0508818
:10970000002854D0A80600D496E02068406A029948
:109710000840A16D08705088401E5080A06D401C0C
:10972000A0652068C5696907E9D0019B5A425A4182
:10973000EB07049B00D01346002B04D101220262E8
:109740007368134373607A427A41AB07049B00D578
:109750001346002B05D102220262726804231343D0
:1097600073607A427A410029049906D4002907D00F
:1097700070680028039A0DD1C1E711460029F7D17E
:109780000421016270680221014371607068002841
:10979000039AB4D02046FDF7C3FC039A0020706002
:1097A000ADE7816908220A43826105B0F0BDEFF39D
:1097B0001081012080F31088020223681D68954300
:1097C0001D6081F31088EFF3108180F31088226808
:1097D00093682F4D1D40956081F3108820213160E2
:1097E0000021216761672268526812020AD5EFF3EF
:1097F000108280F31088830625682E689E432E60B1
:1098000082F31088E26E012A38D1E166EFF310810D
:1098100080F310882268136810208343136081F35B
:1098200010882168CA69D20600D50862039D29887C
:109830002046FDF77DFB2A465088002825D09189D7
:10984000884222D2EFF31080012181F31088104A60
:10985000521C23689D6815409D6080F31088E6487F
:109860006067EFF3108081F3108821680A68202375
:1098700013430B6080F3108805B0F0BD2046FDF760
:10988000DBFF039A50880028D9D105B0F0BDC0464F
:10989000FEFFFFEFF0B581B0044600680168514A51
:1098A0000A40A16823690B4365691D431543E169BB
:1098B0000D4305600322120343689343E2681A4391
:1098C0004260A269236A13438268474D15401D43D5
:1098D0008560C26A0F239A43676A3A43C262434A69
:1098E000904209D0424A904208D14248406D8007D8
:1098F000000F41A2125802E0002200E0102226468A
:1099000068360125E803814210D1082A61D8C04693
:109910007A44127952009744045C195C2B5C5C5CBD
:109920003000FCF70DF9002826D151E0082A50D864
:109930007A44127952009744044C124C354C4C4CEA
:109940003A00FCF7FDF8002830D141E029480068D2
:109950000006400F411C2C48F6F79FFF0DE02548FC
:1099600000680006400F411C2748F6F796FF1EE0EE
:10997000FCF72EF900282BD0676A7900234A515A48
:10998000F6F78BFF400061684A081018F6F785FF6C
:109990000246103A1E498A421BD201400007400F7E
:1099A000084313E0FCF714F9002811D0676A790026
:1099B000164A515AF6F771FF61684A081018F6F70F
:1099C0006CFF01461039124A914202D22168C860E8
:1099D00000251048306000206067A067284601B06D
:1099E000F0BDC046F369FFCFFFF4FF110044004013
:1099F0000038014000100240000000000400000098
:109A00000200000008000000006CDC0278AB0008D7
:109A1000F0FF000001000100F0B581B013460546DB
:109A20005C202A522E46803600243461A96522200B
:109A3000F06080202858002815D00A461F4F204982
:109A4000C16207631C494163846329682431FAF7C2
:109A5000D9FF002807D0102030612020F0600124B9
:109A6000204601B0F0BD286900280BD0EFF310802C
:109A7000012181F3108809022A6813680B431360DF
:109A800080F31088EFF31080012181F310882A6899
:109A900093680B43936080F31088EFF3108081F399
:109AA000108829688A68402313438B6080F31088EC
:109AB000204601B0F0BDC04649900008D79100088B
:109AC00021910008F0B55C23C252816500214167F5
:109AD00003465C335A80856804468C34002D12D0CE
:109AE00001263707BD4208D03603B54214D10569B7
:109AF000002D0ED13D4D9D800FE00569002D05D054
:109B00003F259D8009E00569002D02D07F259D80BD
:109B100003E0FF259D8000E09980616022212160A3
:109B2000EFF31084012181F310880568AE680E43BD
:109B3000AE6084F310880C034D07466EAE4202D12E
:109B40009B899A421BD202698368A34204D1002AEE
:109B50001ED0294A426703E0274B4367002A19D0E9
:109B6000EFF3108281F310880902006803680B4349
:109B700020211943016082F310880020F0BD0269A2
:109B80008368A34213D1002A21D0194A426712E008
:109B90001A4A4267EFF3108281F310880068016867
:109BA00020230B43036082F310880020F0BD104B8C
:109BB0004367002A0DD0EFF3108281F310880B0267
:109BC000046825681D43256082F3108801E0094A76
:109BD0004267EFF3108281F31088090700688368F9
:109BE0000B43836082F310880020F0BDFF0100006A
:109BF000C196000859930008ED9500088992000865
:109C0000F0B585B01F4615460E460368D969314048
:109C1000891B4A424A410021954222D10A9C002CCC
:109C200022D00391611C24D1D9693140891B4A4259
:109C30004A41954231D1D9693140891B4A424A4152
:109C400095422AD1D9693140891B4A424A419542FD
:109C500023D1D9693140891B4A424A419542E3D018
:109C60001BE0084605B0F0BDFBF736F8032005B051
:109C7000F0BD402E049001D0802E14D1FBF72CF8BB
:109C8000C01BA0420CD8049800680168C06930402D
:109C9000801B414241418D42F0D0039805B0F0BD98
:109CA000032005B0F0BD8430019001200090C00277
:109CB000029006E0C8693040801B414241418D421C
:109CC000EBD1FBF709F8C11B0320A1423FD804994F
:109CD00009680A685207EDD5CA69120739D4CA69FA
:109CE000029B1A42E6D0029A0A62EFF31082012127
:109CF00081F3108809235B01049C246825689D4337
:109D0000256082F31088EFF3108281F31088049BA2
:109D10001B689C682A4D25409D60049B82F3108837
:109D2000DA6E012A0BD1EFF3108281F310881968E3
:109D30000B681024A3430B60049B82F3108820213E
:109D4000019CA1600022DA665A672270E16005B0CA
:109D5000F0BD08250D62EFF31081009880F31088A4
:109D600009225201049B1B681C6894431C6081F308
:109D70001088EFF3108180F31088049A12689368BA
:109D80000F4C1C40049B946081F31088D96E01290C
:109D90000CD1EFF31081012282F310881A68136846
:109DA0001024A3431360049B81F310882021019A9F
:109DB00091600021D96659671170D56005B0F0BD7A
:109DC000FEFFFFEF80B54A48FDF7BCF980BDC046F5
:109DD00080B54848FDF7B6F980BDC0460121016451
:109DE000026C8A430264C907026C8A430264002140
:109DF0004164084670470000016C024A0A40026450
:109E0000002070477F40FFFF10B507490A78002AFD
:109E100008D14968002905D0C1B204460846F8F7C0
:109E2000E9FA204610BDC0467C0100208EB0FBF749
:109E30001DFB00240D940C940B940A94099408942F
:109E400007940694059404940394029401940120C9
:109E5000089025490A68024306239A430A60234969
:109E60000A6818239A430A601421069180050D9010
:109E700006A8FBF7E5FE002801D072B6FEE70594C0
:109E800004940394022002900720019001A801216C
:109E9000FBF76AFD002801D072B6FEE7FEF7FCF979
:109EA000FEF7CEF9FEF77CF9FEF7B4F9FEF796FA65
:109EB000FEF7C0FAFEF716FBFEF786FBFEF732FC54
:109EC000FEF764FCFEF796FCFEF7F8FBFEF7F0FAEF
:109ED00007480849FEF794FEF7F7A6FD0648FCF789
:109EE000F5FBF7F78BFEFCE7002002405C10024018
:109EF0002C080020C0080020FC0600200FB410B57C
:109F000003A9044B044A029800F01EF910BC08BCD7
:109F100004B01847099E0008000000200FB47CB56B
:109F20000C0009AD01D0611E00E0002101910090FC
:109F3000074B6A462946089800F006F9002C02D023
:109F4000009A002111707CBC08BC04B018470000C6
:109F500081A800080FB410B504A9074B02AA039802
:109F600000F0F2F8044602A9002000F094FC20461C
:109F700010BC08BC04B0184797A800082021020CA8
:109F800001D010211046020A01D0104608390209FA
:109F900001D01046091F820801D01046891E4208D0
:109FA00001D0881E7047081A7047000000487047AB
:109FB0000400002002E008C8121F08C1002AFAD1DC
:109FC00070477047002001E001C1121F002AFBD139
:109FD00070470000F0B51FB486B00998089A030DC9
:109FE0000021024314D05148514A18185043051417
:109FF0001198012810981AD0281A401C00264D4F9D
:10A000004D49009601910490002812DA444211E073
:10A010001198012449A3012801D11098C143069841
:10A02000119A84600360C26041600BB0F0BD404291
:10A03000E4E70446210500203F4A001C51410391FA
:10A04000029012E0E00707D032463B4601990098A3
:10A05000F6F7B8FA0191009032463B461046194691
:10A06000F6F7B0FA06460F466410002CEAD10498C1
:10A07000039B0028029A0999089806DAF6F7A2FAD3
:10A08000019B009AF6F79EFA05E0F6F703FB019BA9
:10A09000009AF6F7FFFA04460E460022284BF6F720
:10A0A0006FFE03D80020C043014607E00022254B85
:10A0B00020463146F6F792FDF6F742FE102409E0FD
:10A0C000002C0ADB0A220023F6F706FC079B30323D
:10A0D0001A55641E02460A43F2D11122641C079BE2
:10A0E000121B1C19119B012B03D0012308430ED115
:10A0F0000AE0084304D0112010900020119077E767
:10A100001098151A6D1E0BE01098824202DD002394
:10A110006D1C03E0824201DA00236D1E002BEED09D
:10A12000069811998260C16030C07EE701FCFFFF94
:10A13000104D0000000014400000F03F300000000F
:10A140000000F0430000E03FFFB597B00646002551
:10A1500018E2252877D100242746FD49049400E021
:10A160000443761C32780120203A90400842F7D10F
:10A1700030782A280ED00222307801463039092959
:10A1800016D804990A235943303940181443761CD1
:10A190000490F1E7189802C804911890002904DA95
:10A1A0000120400304434842049002200443761CEB
:10A1B00030782E2814D1042004437078761C2A2885
:10A1C00009D11898761C80C8189009E00A214F43DD
:10A1D000303FC719761C3078014630390929F5D946
:10A1E00030786C2810D006DC4C281AD068280ED0A5
:10A1F0006A2817D104E0742813D07A2812D110E00D
:10A200000120400504430CE00121090501E0032180
:10A2100009050C437178814203D1012000052418FF
:10A22000761C761C3078119066280BD013DC5828E9
:10A230007DD009DC00287BD04528F6D04628F4D014
:10A2400047281AD1A5E118E0632835D0642870D0DA
:10A25000652812D19DE170286CD008DC6728F1D008
:10A2600069287BD06E280DD06F2806D1BAE07328FC
:10A270002ED0752871D0782859D01A9A19999047FC
:10A280006D1C7EE16002400F022809D003280DD02A
:10A290000428189801680DD00D60001D189070E119
:10A2A0001898EA1701680D604A60F6E71898016887
:10A2B0000D80F2E70D70F0E718986A460178117288
:10A2C000001D18900020507202A80090012005E0A7
:10A2D000189802C8189000200091C04361070DD55E
:10A2E000002101E00199491C0191B94212DA814231
:10A2F000F8DB009A515C0029F4D10BE0002101E069
:10A300000199491C01918142FADB019A0099895C0B
:10A310000029F5D1019904981A9B471A214638461D
:10A32000199A00F097FA0199401945180BE04FE08F
:10A330002CE113E04EE0009800990078491C009150
:10A340001A9A199990470198401E0190401CF2D129
:10A35000214638461A9B199A10E137E00A2000215D
:10A36000009001916002410F022907D0189A01CA9A
:10A370001892C2179446032908D00AE01898C01D05
:10A38000C108C90005C91891944607E000B2C21778
:10A390009446042902D140B2C1178C46002261467E
:10A3A000944506DA0A460021404291418C462D210F
:10A3B00002E0210504D52B216A461173012103E037
:10A3C000E10701D02021F7E7029155E00A200AE0D9
:10A3D000102008E010200090002104200443019187
:10A3E000082703E008200021019100906002410F3E
:10A3F000022907D0189A01CA18920022944603290C
:10A4000008D008E01898C01DC108C90005C91891F6
:10A41000944603E080B2042900D1C0B20021029129
:10A42000210729D51199702906D0009A1021019B86
:10A430004A401A4305D00EE040216A4611730121BB
:10A4400008E06146014306D030216A461173119934
:10A45000517302210291009A0821019B4A401A433C
:10A460000AD16146014301D1610705D530216A4611
:10A47000117301217F1E02911199582904D035A131
:10A480000E910DA90D910DE037A1F9E76146019BF1
:10A49000009AF6F721FA0E9B8C469B5C0D9A521E91
:10A4A0000D92137061460143F0D10D9805A9081A69
:10A4B00020300190600703D501200004844300E0B0
:10A4C00001270198874201DD381A00E00020019938
:10A4D00000904118029809180498401A0490E0036B
:10A4E00006D421461A9B199A049800F0B3F945192D
:10A4F000002706E003A81A9AC05D199990476D1CC1
:10A500007F1C02988742F5DBE0030CD521461A9B9D
:10A51000199A049800F09EF9451904E01A9A30201F
:10A52000199990476D1C0099481E00900029F5DC90
:10A5300008E00D980D990078491C0D911A9A199907
:10A5400090476D1C0199481E01900029F1DC63E1E0
:10A5500009280100303132333435363738396162F9
:10A5600063646566000000003031323334353637BD
:10A5700038394142434445460000000000F05AF992
:10A580004519761C3078002800D0E2E528461BB03B
:10A59000F0BD600700D406271898C01DC108C90087
:10A5A00048680A680831C30FDB071891190001D009
:10A5B0009CA108E0210501D59BA104E0E10701D0A1
:10A5C0009AA100E09AA1430011985B0810916528B8
:10A5D0000CD006DC452809D046281DD0472841D19B
:10A5E00041E0662818D067283CD13CE00021112FBB
:10A5F00001DB112000E0781C0191009008A911A84E
:10A60000FFF7E8FC139905910021119A15927F1C20
:10A6100012980197009150E00120C007039001209B
:10A62000019008A9009711A8FFF7D4FC139A149978
:10A6300005920022119B009212981593059A01929F
:10A64000002901D0104602E0791C40180190381A08
:10A6500001D5019804E04042401E0090781C019012
:10A66000C01B029043E0012F00DA01270021112FC7
:10A6700001DD112000E038460191009008A911A8E1
:10A68000FFF7A8FC13990591119A002112981592D1
:10A690000091019721070CD40599B94201DB01997A
:10A6A00000E00191012904DD159A491E515C302911
:10A6B00006D0B84201DA011D05DA0121029115E048
:10A6C0000199491EEDE7002805DC00994118009129
:10A6D0000199091A03E0019A411C914200DD0191A0
:10A6E0000099401A401C02900120C00703902007E7
:10A6F00006D402990198814202DB0020C0430290F7
:10A7000000206946C87707AF012103980337C907BE
:10A71000884224D0022011902B2012900398002808
:10A720000CDA404203902D20129007E00A21039892
:10A73000F6F7B3F830317F1E039039701199481E37
:10A7400011900029F2DC03980028EFD1791E1298AD
:10A7500008703078202108404530BF1E387006A8A8
:10A76000C01BC01D039010980078002800D0012065
:10A77000019941180298C0170918039809180498FC
:10A78000401A401E0490E00306D421461A9B199AF1
:10A79000049800F05FF8451910980078002803D05D
:10A7A0001A9A199990476D1CE00324D521461A9BEB
:10A7B000199A049800F04EF845191CE000980028FA
:10A7C00007DB00990598884203DD1598405C1999CC
:10A7D00001E0199930201A9A904700986D1C401C8E
:10A7E00000900298401E0290002804D11A9A2E2050
:10A7F000199990476D1C0199481E01900029DDDCD4
:10A8000005E038781A9A7F1C199990476D1C0399B6
:10A81000481E03900029F4DC21461A9B199A0498DB
:10A82000ACE600002D0000002B000000200000001E
:10A8300000000000F8B5044600251E4617468804AF
:10A8400004D405E039462020B0476D1C641EF9D5BC
:10A850002846F8BDFFB50446002581B01E46C80352
:10A8600001D5302700E02027880404D505E03846CC
:10A870000399B0476D1C641EF9D5284605B0F0BD9C
:10A880004A68002A06D00A68531C0B60107048689A
:10A89000401E486070470A68531C0B601070704778
:10A8A00010B5044601E0FFF7AFFA2078641C0349B5
:10A8B0000028F8D10A20FFF7A7FA10BD00000020F9
:10A8C00000404040404040404040414141414140C3
:10A8D0004040404040404040404040404040404078
:10A8E0004005020202020202020202020202020207
:10A8F000022020202020202020202002020202020C
:10A900000202909090909090101010101010101063
:10A91000101010101010101010101010020202026F
:10A9200002028888888888880808080808080808B3
:10A9300008080808080808080808080802020202AF
:10A9400040000000C1A80008000000000000000056
:10A9500000000000000000000000000000000000F7
:10A9600000000000000000000100000002000000E4
:10A9700003000000040000000600000007000000C3
:10A9800008000000090000000000000000000000B6
:10A9900000000000000000000100000002000000B4
:10A9A00003000000040000005AA5058200820A008E
:10A9B0005AA505820082640080B10008F8B0000842
:10A9C00018B30008C4B100086FB1000829B300082B
:10A9D000F9350000665A4D36821C94BAA69B443E57
:10A9E0008FC2753F010000001E0000008E000000B5
:10A9F00000000000CDCCCCBD3AB300082AB200085C
:10AA00004BB300084CB200085CB3000890B20008D9
:10AA10003F3600000000000000000000FF04873EF9
:10AA2000448B22C1050000001E0000008E000000C3
:10AA3000B7255B22AAF1D2BD7EB300086EB2000832
:10AA4000B3B10008A2B10008D5B100085EB100089A
:10AA50003A3600006EEC4D370789A3BB03EC3B3F51
:10AA6000EE7C8CC1070000001E0000008E0000007C
:10AA7000DF5A95B8D12190BD1AB100082BB100085A
:10AA800009B100084DB100082BB100083CB1000825
:10AA9000D635000000000000000000003D0A573ECF
:10AAA00052B8DEBF06000000160000008E00000055
:10AAB000EE9CAF21A857CABD08B2000808B2000832
:10AAC000C3B2000808B200085DB20008B2B20008C4
:10AAD000CE350000B5AAE33660CC16BB423EA83E98
:10AAE000FED4E8BF07000000190000008E0000003F
:10AAF000EFFF63BC29771F3DF6B20008E5B20008FE
:10AB00007FB20008E6B1000807B3000891B1000861
:10AB100040360000667E51368A9290BA3D61493EC9
:10AB200055C16C4006000000180000008E000000B7
:10AB3000A94D1CBD740CB83ED4B200083BB200084D
:10AB4000F7B10008A1B200086DB3000819B20008FF
:10AB50002C36000060B4AD36B779E3BACBD68A3E66
:10AB60008CB9EBBF0500000023000000AA00000024
:10AB7000FF08C3BAAEF199BD01000200040006004F
:10AB800008000A000C0010002000400080000001B6
:10AB9000010101030701000008040204080101018A
:10ABA0009DB600080129000885B6000801290008A3
:10ABB00093B600086926000898B600081128000816
:10ABC000A2B60008C1280008A7B60008952700080B
:10ABD0008BB600081129000887B600086D7A0008B6
:10ABE000ACB60008357900085EB60008D1790008D7
:10ABF000B0B60008C17A000800000000DD190008A6
:10AC0000D00700000100000000000000000000006C
:10AC1000F40100000200000001000000ED1900082E
:10AC2000D007000003000000010000000000000049
:10AC3000F40100000400000003000000E91900080E
:10AC400001000000FF000000415649534F3A2042E6
:10AC5000616C616E6361206E616F20657374616207
:10AC6000696C697A6F752E0D00454550524F4D2025
:10AC700028424C4F434B494E475F54455354293A61
:10AC80002046616C686120616F2065736372657630
:10AC900065722070726F78696D6120706167696E8E
:10ACA000612120285374617475733A202564290D3D
:10ACB0000A00454550524F4D2028424C4F434B49C6
:10ACC0004E475F54455354293A2048414C5F49321E
:10ACD000435F4D656D5F57726974652066616C688E
:10ACE0006F752120285374617475733A2025642987
:10ACF0000D0A00253032642F253032642F25303282
:10AD00006400253032643A253032643A25303264AA
:10AD10000053746F726167652046534D3A20455267
:10AD2000524F20445552414E5445204553435249B9
:10AD30005441204153594E43212054656E74616E35
:10AD4000646F206E6F76616D656E746520656D2031
:10AD500025646D732E2E2E0D0A00454550524F4D21
:10AD600020436865636B3A2046616C6861206E61C0
:10AD7000206C65697475726120493243206E6F20C2
:10AD8000656E64657265636F20307825580D0A0022
:10AD90004445425547204352432028575249544581
:10ADA000293A2043616C63756C616E646F20435275
:10ADB0004320736F62726520256C7520627974651B
:10ADC000732E204E6F766F204352433A205B3078CB
:10ADD000256C585D0D0A00454550524F4D20436883
:10ADE00065636B3A2046616C68612064652043525C
:10ADF00043206E6F20656E64657265636F203078E6
:10AE000025582E20457370657261646F205B307821
:10AE1000256C585D207673204C69646F205B307818
:10AE2000256C585D0D0A00454550524F4D204D612F
:10AE30006E616765723A20496E7465677269646114
:10AE4000646520646F73206461646F73204F4B20CE
:10AE5000285072696D6172696F29210A0D0053745F
:10AE60006F726167652046534D3A2046616C686198
:10AE700020616F20494E49434941522065736372F6
:10AE800069746120424B5031210D0053746F72611F
:10AE900067652046534D3A2046616C686120616FBA
:10AEA00020494E4943494152206573637269746178
:10AEB00020424B5032210D0053746F726167652040
:10AEC00046534D3A2046616C686120616F20494EBF
:10AED00049434941522065736372697461207072FD
:10AEE000696D61726961210D0053746F72616765EC
:10AEF0002046534D3A20466C61672027646972747E
:10AF000079272064657465637461646F2E20496ECF
:10AF1000696369616E646F2073616C76616D656EE3
:10AF2000746F20617373696E63726F6E6F206461FA
:10AF300073203320636F706961732E2E2E0D0053C2
:10AF4000746F726167652046534D3A204572726F87
:10AF50002064652064726976657220616F20657374
:10AF600063726576657220426C6F636F20424B504E
:10AF7000312E0D0053746F726167652046534D3A50
:10AF800020426C6F636F20424B5031204F4B2E0D8F
:10AF90000053746F726167652046534D3A20426CCE
:10AFA0006F636F205072696D6172696F204F4B2E15
:10AFB0000D0053746F726167652046534D3A20450A
:10AFC00072726F2064652064726976657220616FA9
:10AFD00020657363726576657220426C6F636F20C3
:10AFE0005072696D6172696F2E0D00454550524F68
:10AFF0004D204D616E616765723A204261636B75E9
:10B0000070203120636F72726F6D7069646F2E20D3
:10B0100054656E74616E646F204261636B7570205D
:10B02000322E2E2E00454550524F4D204D616E61FF
:10B030006765723A205265737461757261646F203E
:10B04000646F204261636B757020312E204D6172F8
:10B0500063616E646F2070617261207265737361E9
:10B060006C7661722E2E2E00454550524F4D204D6C
:10B07000616E616765723A205265737461757261C1
:10B08000646F20646F204261636B757020322E20E4
:10B090004D617263616E646F2070617261207265D0
:10B0A0007373616C7661722E2E2E00454550524F9F
:10B0B0004D204D616E616765723A204552524F20B6
:10B0C000464154414C2120546F64617320617320C8
:10B0D000636F7069617320636F72726F6D70696402
:10B0E00061732E20436172726567616E646F2046E2
:10B0F0006162726963612E004D616E6920202020BB
:10B100002020202020202020004F61747320202048
:10B110002020202020202020200041766569612009
:10B1200020202020202020202020004176656E61F4
:10B13000202020202020202020202000486166653B
:10B140007220202020202020202020200041766F07
:10B15000696E6520202020202020202020005265BC
:10B16000697320526F682020202020202020004179
:10B1700072616368696469202020202020202000FB
:10B18000416D656E646F696D202020202020202095
:10B1900000536F6A61204D65686C202020202020BC
:10B1A000200052697A205061646479202020202098
:10B1B0002020005269636520526F75676820202047
:10B1C00020202000436163616875657465732020E9
:10B1D00020202020005269736F2050616464792020
:10B1E000202020202000536F6A61204D696574740F
:10B1F000652020202020004265616E732050696E1A
:10B20000746F202020202000436166652049534F41
:10B2100036363733202020200050696E746F20426C
:10B220006F686E656E20202020004172726F7A2058
:10B2300050756C69646F20202020004672696A6F27
:10B240006C2050696E746F202020200052697A2093
:10B25000506F6C69204E617420202020004361668D
:10B2600066652049534F363637332020200041721F
:10B27000726F7A20436173636172612020200053F2
:10B280006F796265616E73204D65616C20202000CE
:10B290005265697320476573636861656C2020207F
:10B2A0000048617269636F742050696E746F20206A
:10B2B00020004B61666665652049534F363637334B
:10B2C000202000436F666665652049534F36363748
:10B2D000332020004665696A616F20436172696F9F
:10B2E0006361202000486172696E612064652053AB
:10B2F0006F6A61202000466172656C6F2064652072
:10B30000536F6A61202000466172696E6120646536
:10B3100020536F796120200052756E6E6572205047
:10B3200065616E7574732020004572646E65757377
:10B33000736520476573636820004172726F7A20DD
:10B3400042656E6520506F6C69200052696365200C
:10B35000506F6C6973686564204E61005269736F49
:10B36000204272696C6C61746F204E6100466167A7
:10B37000696F6C6920426F726C6F747469004172FE
:10B38000726F7A204361736361204E617475003D72
:10B390003D3D3D3D3D3D3D3D3D3D3D3D3D3D3D3DDD
:10B3A0003D3D3D3D3D3D3D3D3D20434C4920646597
:10B3B00020446961676E6F737469636F2028563823
:10B3C0002E3229203D3D3D3D3D3D3D3D3D3D3D3DF8
:10B3D0003D3D3D3D3D3D3D3D3D3D7C0D0A7C204894
:10B3E000454C50206F75203F202020202020202019
:10B3F00020202020202020207C204D6F737472613B
:10B40000206573746120616A7564612E202020209C
:10B41000202020202020202020202020202020202C
:10B4200020202020202020207C0D0A7C2050455305
:10B430004F202020202020202020202020202020DD
:10B440002020202020207C204D6F737472612061A9
:10B45000206C65697475726120617475616C20641B
:10B46000612062616C616E63612E202020202020AB
:10B470002020202020207C0D0A7C2054454D502087
:10B4800020202020202020202020202020202020BC
:10B49000202020207C204D6F737472612061206C0D
:10B4A00065697475726120646F2073656E736F7265
:10B4B0002064652074656D70657261747572612EAB
:10B4C000202020207C0D0A7C20465245512020203F
:10B4D000202020202020202020202020202020206C
:10B4E00020207C204D6F73747261206120756C7414
:10B4F000696D61206C656974757261206465206690
:10B5000072657175656E6369612E20202020202090
:10B5100020207C0D0A7C204457494E20504943206E
:10B520003C69643E20202020202020202020202054
:10B530007C204D75646120612074656C61202865F4
:10B54000783A204457494E205049432031292E2033
:10B5500020202020202020202020202020202020EB
:10B560007C0D0A7C204457494E20494E54203C61B2
:10B570006464725F683E203C76616C3E20207C20D3
:10B580004573637265766520696E743136206E6F1F
:10B59000205650202865783A204457494E20494E7D
:10B5A0005420323139302031323334292E20207C5E
:10B5B0000D0A7C204457494E20524157203C627965
:10B5C0007465735F6865783E20202020207C2045CC
:10B5D0006E76696120627974657320637275732079
:10B5E00070617261206F204457494E202865783A77
:10B5F00020354141352E2E2E292E2020207C0D0A6B
:10B600003D3D3D3D3D3D3D3D3D3D3D3D3D3D3D3D6A
:10B610003D3D3D3D3D3D3D3D3D3D3D3D3D3D3D3D5A
:10B620003D3D3D3D3D3D3D3D3D3D3D3D3D3D3D3D4A
:10B630003D3D3D3D3D3D3D3D3D3D3D3D3D3D3D3D3A
:10B640003D3D3D3D3D3D3D3D3D3D3D7C0D0056611B
:10B650006C6F722066616C74616E646F2E00494E6F
:10B6600054333200456E66696C656972616E646F51
:10B6700020256420627974657320706172612044B2
:10B6800057494E3A003F00504943005345525649EE
:10B690004345004457494E005045534F0048454CE0
:10B6A000500054454D50004652455100494E5400FB
:10B6B000524157000D0A3E3E3E20494E4943494102
:10B6C0004C495A4143414F20434F4D504C45544102
:10B6D000202856382E3220526F62757374612920EB
:10B6E0003C3C3C0D0A0D00496E74657266616365F1
:10B6F000206465205573756172696F2E2E2E204966
:10B700006E696369616E646F2073657175656E63E0
:10B7100069612064652073706C6173682E0D005B35
:10B7200046414C48415D0D0A4552524F2046415416
:10B73000414C3A204E616F20666F6920706F7373C1
:10B740006976656C2063617272656761722F7265DC
:10B750007374617572617220636F6E66696775726A
:10B7600061636F65732E0D0053697374656D61209D
:10B77000496E7465677261646F202D204C6F67207D
:10B78000646520496E696369616C697A6163616FA0
:10B790003A0D00342E204D6F64756C6F7320646514
:10B7A00020486172647761726520284144432C20EF
:10B7B000536572766F732C204672657175656E6382
:10B7C0006961292E2E2E204F4B0D00322E204472FF
:10B7D0006976657273204932432065205254432EA6
:10B7E0002E2E204F4B0D00436F6E74726F6C6C6584
:10B7F000723A204772616F20696E64696365202721
:10B800002564272073656C6563696F6E61646F2EB4
:10B810002053616C76616E646F2E2E2E0D0A0041EE
:10B8200054545F444953504C41593A20546F646F0B
:10B8300073206F73206461646F7320646F20696E7E
:10B840006469636520256420666F72616D20454ED2
:10B8500046494C45495241444F532E0D0A0041542C
:10B86000545F444953504C41593A204C49444F206D
:10B87000434F4D205355434553534F202D3E2047B2
:10B8800072616F3A2025730D0A00436F6E74726FF8
:10B890006C6C65723A204552524F20616F2064658E
:10B8A00066696E6972206F206772616F20617469CA
:10B8B000766F210D00436F6E74726F6C6C65723A17
:10B8C0002053616C766F206E612052414D2E2053C3
:10B8D000657261207065727369737469646F206545
:10B8E0006D2062726576652E0D003C3C2046696DC8
:10B8F0002064612046756E63616F204C69646172DB
:10B900005F436F6D5F53656C6563616F5F44655F37
:10B910004772616F2E0D00252E3166252500525489
:10B920004320617475616C697A61646F20636F6D27
:10B93000207375636573736F20706172613A20259F
:10B94000730D0A00417574683A204552524F2061C8
:10B950006F20646566696E69722061206E6F766122
:10B960002073656E6861202846534D206F637570A3
:10B970006164613F290D00417574683A2053656E1A
:10B9800068617320636F696E636964656D2E20530F
:10B99000616C76616E646F206E6F76612073656E88
:10B9A00068612E2E2E0D00417574683A204E6F7618
:10B9B000612073656E68612076617A6961206465D3
:10B9C00073636172746164612E0D00417574683A2D
:10B9D000204E6F76612073656E68612064656669CC
:10B9E0006E696461206E612052414D2E2053657254
:10B9F000612073616C766120656D20627265766589
:10BA00002E0D00417574683A2053656E686173208D
:10BA10006E616F20636F696E636964656D2E0D00E2
:10BA2000417574683A205265636562696461207388
:10BA3000656E686120646520636F6E6669726D6112
:10BA400063616F2E0D00417574683A205072696D04
:10BA5000656972612073656E6861204F4B2E2041CD
:10BA60006775617264616E646F20636F6E66697280
:10BA70006D6163616F2E0D00417574683A205365E6
:10BA80006E686120636F7272657461212041636525
:10BA90007373616E646F206D656E752064652073CD
:10BAA00065727669636F2E0D00417574683A2046A1
:10BAB00072616D652064652073656E6861206D75C7
:10BAC00069746F20637572746F2E0D0032322F30DF
:10BAD000362F323032380000F8BA0008000000205B
:10BAE00058000000B49F000850BB00085800002018
:10BAF00078130000C49F0008000000000000000050
:10BB00000100000004000000FF00000048070020C2
:10BB1000000000008A026009940700200000000075
:10BB2000BC02FC08001BB70000000000CD9703001A
:10BB3000000048420D5508000000C8426C110D007D
:10BB400000004843218B16000800000000000000A0
:04000005080000C12E
:00000001FF
